Distributor Segmentation,,,,,,,Customer Segmentation,,,,,,,Rep Performance & Incentive Compensation,,,,,,,,,Year-over-Year Growth by Market,,,,,
Distributor,Total Sales,Rank,Cumulative %,Segment,,,Customer Name,Country,Channel,Total Sales,Rank,Segment,,Rep,Manager,Team,Total Sales,Segment,Target,Attainment %,Payout Tier,,Country,2018,2019,2020,2019 Growth %,2020 Growth %
Gerlach LLC,3501834439,1,0.296791093,A - Strategic,,,Gibson-Hill,Germany,Pharmacy,18790176,91,Standard Account,,Anne Wu,Britanny Bold,Delta,920168302,Core,828151471.8,1.111111111,Tier 2 - 10%,,Germany,2826017552.00,2930937133.00,2659672415.00,0.04,-0.09
Koss,3087827344,2,0.558493829,A - Strategic,,,McCullough LLC Pharmaceutical Ltd,Germany,Pharmacy,26009596,29,Growth Account,,Sheila Stones,Britanny Bold,Delta,958203898,Top Performer,862383508.2,1.111111111,Tier 2 - 10%,,Poland,680879802.00,0.00,0.00,-1.00,N/A
Erdman,1522609942,3,0.687539641,A - Strategic,,,Barrows Inc Pharmaceutical Limited,Germany,Pharmacy,18879087,88,Standard Account,,Jessica Smith,Britanny Bold,Delta,881698369,Core,793528532.1,1.111111111,Tier 2 - 10%,,,,,,,
Kozey-Emmerich,1232931956,4,0.792034365,B - Core,,,Buckridge-Davis Pharmaceutical Ltd,Germany,Pharmacy,17481679,122,Standard Account,,Mary Gerrard,Britanny Bold,Delta,875270763,Developing,787743686.7,1.111111111,Tier 2 - 10%,,,,,,,
Welch-Langworth,260632404,7,0.881445903,B - Core,,,Kreiger Inc,Germany,Pharmacy,15567095,157,Standard Account,,Alan Ray,James Goodwill,Alfa,842637242,Developing,758373517.8,1.111111111,Tier 2 - 10%,,,,,,,
Rohan and Sons,142511996,10,0.925981638,C - Long Tail,,,Huels-Klein,Germany,Pharmacy,23946371,40,Growth Account,,Erica Jones,James Goodwill,Alfa,871372192,Developing,784234972.8,1.111111111,Tier 2 - 10%,,,,,,,
Crist Inc,45056475,18,0.986693032,C - Long Tail,,,Gerlach LLC Pharmacy,Germany,Pharmacy,18156445,105,Standard Account,,Thompson Crawford,James Goodwill,Alfa,866964886,Developing,780268397.4,1.111111111,Tier 2 - 10%,,,,,,,
Daugherty-Rempel,232130233,8,0.901119645,C - Long Tail,,,"Nolan, DuBuque and Schultz Pharmacy",Germany,Pharmacy,18873464,89,Standard Account,,Steve Pepple,Tracy Banks,Bravo,875449983,Developing,787904984.7,1.111111111,Tier 2 - 10%,,,,,,,
Romaguera-Fay,444992505,5,0.829748829,B - Core,,,Mraz Group Pharmaceutical Limited,Germany,Pharmacy,20423132,73,Standard Account,,Abigail Thompson,Tracy Banks,Bravo,981056993,Top Performer,882951293.7,1.111111111,Tier 2 - 10%,,,,,,,
Gleason,138618444,11,0.937729972,C - Long Tail,,,Kertzmann-Ward Pharmaceutical Limited,Germany,Pharmacy,23151949,45,Growth Account,,Morris Garcia,Tracy Banks,Bravo,901195483,Core,811075934.7,1.111111111,Tier 2 - 10%,,,,,,,
Lockman,95983327,14,0.966888874,C - Long Tail,,,Haley PLC Pharmacy,Germany,Pharmacy,23473886,42,Growth Account,,Daniel Gates,Alisha Cordwell,Charlie,950658635,Top Performer,855592771.5,1.111111111,Tier 2 - 10%,,,,,,,
Schaefer LLC,21830157,21,0.993529886,C - Long Tail,,,Hartmann-Wolf Pharmacy,Germany,Pharmacy,22818672,49,Growth Account,,Stella Given,Alisha Cordwell,Charlie,888340903,Core,799506812.7,1.111111111,Tier 2 - 10%,,,,,,,
Nader-Gaylord,27092064,20,0.991679713,C - Long Tail,,,Gleason PLC Pharma Plc,Germany,Pharmacy,18345826,101,Standard Account,,Jimmy Grey,Alisha Cordwell,Charlie,985969994,Top Performer,887372994.6,1.111111111,Tier 2 - 10%,,,,,,,
Bashirian-Kassulke,349340733,6,0.859356516,B - Core,,,"Hahn, Rutherford and Gislason Pharm",Germany,Pharmacy,12465536,191,Standard Account,,,,,,,,,,,,,,,,
Hansen Group Pharm,1171856,29,1,C - Long Tail,,,Purdy Ltd,Germany,Pharmacy,13411245,186,Standard Account,,,,,,,,,,,,,,,,
Lesch,13543966,24,0.997500186,C - Long Tail,,,Sauer-Herzog Pharmacy,Germany,Pharmacy,16994328,130,Standard Account,,,,,,,,,,,,,,,,
Rohan,31745727,19,0.989383579,C - Long Tail,,,Schuppe Inc,Germany,Pharmacy,18530700,92,Standard Account,,,,,,,,,,,,,,,,
Schuppe Inc,12624284,25,0.998570133,C - Long Tail,,,Powlowski-Buckridge Pharmacy,Germany,Pharmacy,25692654,30,Growth Account,,,,,,,,,,,,,,,,
Graham and Sons,15408356,23,0.996352294,C - Long Tail,,,Streich PLC,Germany,Pharmacy,44454616,2,Key Account,,,,,,,,,,,,,,,,
Carter-Conn,7254859,26,0.999185004,C - Long Tail,,,"Lebsack, Yost and Heller Pharma Plc",Germany,Pharmacy,19922088,79,Standard Account,,,,,,,,,,,,,,,,
Rogahn-Klein,7137098,27,0.999789895,C - Long Tail,,,Hermiston LLC Pharm,Germany,Pharmacy,14705734,166,Standard Account,,,,,,,,,,,,,,,,
Kris LLC,1307173,28,0.999900682,C - Long Tail,,,D'Amore and Sons Pharm,Germany,Pharmacy,26467886,25,Growth Account,,,,,,,,,,,,,,,,
Lindgren-Simonis Pharm,17893209,22,0.995046389,C - Long Tail,,,Jacobs-Jones Pharma Plc,Germany,Pharmacy,18970897,87,Standard Account,,,,,,,,,,,,,,,,
Cassin,58656073,16,0.97880826,C - Long Tail,,,Barrows-Kohler Pharma Plc,Germany,Pharmacy,24862159,35,Growth Account,,,,,,,,,,,,,,,,
Gottlieb-Cruickshank,47975857,17,0.982874359,C - Long Tail,,,Gleason PLC Pharmaceutical Limited,Germany,Pharmacy,22282456,52,Standard Account,,,,,,,,,,,,,,,,
Smith Inc,119547346,13,0.958753996,C - Long Tail,,,Abernathy Group Pharmacy,Germany,Pharmacy,34635271,7,Key Account,,,,,,,,,,,,,,,,
Prohaska-Kuhic,81980608,15,0.97383698,C - Long Tail,,,Osinski-Botsford Pharm,Germany,Pharmacy,17335979,124,Standard Account,,,,,,,,,,,,,,,,
Beier,150834351,9,0.913903314,C - Long Tail,,,McDermott Inc Pharma Plc,Germany,Pharmacy,29943117,15,Growth Account,,,,,,,,,,,,,,,,
Stehr-Champlin,128514861,12,0.948621996,C - Long Tail,,,Crist Inc Pharma Plc,Germany,Pharmacy,14113368,173,Standard Account,,,,,,,,,,,,,,,,
,,,,,,,Pfeffer-Hodkiewicz Pharm,Germany,Pharmacy,15917456,150,Standard Account,,,,,,,,,,,,,,,,
,,,,,,,Koss Ltd Pharmaceutical Ltd,Germany,Pharmacy,20745807,67,Standard Account,,,,,,,,,,,,,,,,
,,,,,,,Kozey Ltd Pharmacy,Germany,Pharmacy,21782008,56,Standard Account,,,,,,,,,,,,,,,,
,,,,,,,"Leuschke, Waters and Schowalter Pharma Plc",Germany,Pharmacy,20001994,78,Standard Account,,,,,,,,,,,,,,,,
,,,,,,,"Wunsch, Mills and Walter Pharm",Germany,Pharmacy,21947346,54,Standard Account,,,,,,,,,,,,,,,,
,,,,,,,Breitenberg-Kuhn Pharma Plc,Germany,Pharmacy,19173245,86,Standard Account,,,,,,,,,,,,,,,,
,,,,,,,"Buckridge, Dach and Carroll",Germany,Pharmacy,18470960,96,Standard Account,,,,,,,,,,,,,,,,
,,,,,,,Cartwright-Fay Pharmaceutical Ltd,Germany,Pharmacy,16730721,133,Standard Account,,,,,,,,,,,,,,,,
,,,,,,,Huel Inc Pharm,Germany,Pharmacy,24169351,39,Growth Account,,,,,,,,,,,,,,,,
,,,,,,,Leffler-Russel Pharmaceutical Ltd,Germany,Pharmacy,20622800,70,Standard Account,,,,,,,,,,,,,,,,
,,,,,,,Sauer and Sons,Germany,Pharmacy,13536070,183,Standard Account,,,,,,,,,,,,,,,,
,,,,,,,Schaefer-Rolfson Pharma Plc,Germany,Pharmacy,15895407,152,Standard Account,,,,,,,,,,,,,,,,
,,,,,,,"Yundt, Leuschke and Ward Pharma Plc",Germany,Pharmacy,18451676,98,Standard Account,,,,,,,,,,,,,,,,
,,,,,,,Emard-O'Connell Pharmaceutical Ltd,Germany,Pharmacy,20531534,72,Standard Account,,,,,,,,,,,,,,,,
,,,,,,,Franecki Inc Pharma Plc,Germany,Pharmacy,14514932,168,Standard Account,,,,,,,,,,,,,,,,
,,,,,,,VonRueden-Adams Pharm,Germany,Pharmacy,18137914,106,Standard Account,,,,,,,,,,,,,,,,
,,,,,,,Kuhic LLC,Germany,Pharmacy,17671833,114,Standard Account,,,,,,,,,,,,,,,,
,,,,,,,"Hansen, Fadel and Schroeder Pharmaceutical Ltd",Germany,Pharmacy,18099093,107,Standard Account,,,,,,,,,,,,,,,,
,,,,,,,Monahan Ltd Pharmaceutical Ltd,Germany,Pharmacy,18213409,103,Standard Account,,,,,,,,,,,,,,,,
,,,,,,,Miller-Satterfield Pharmaceutical Limited,Germany,Pharmacy,21825298,55,Standard Account,,,,,,,,,,,,,,,,
,,,,,,,"Hahn, Rutherford and Gislason Pharmacy",Germany,Pharmacy,13647046,179,Standard Account,,,,,,,,,,,,,,,,
,,,,,,,"Heathcote, Kovacek and Parker",Germany,Pharmacy,16331539,139,Standard Account,,,,,,,,,,,,,,,,
,,,,,,,Hermiston LLC Pharmaceutical Ltd,Germany,Pharmacy,16170352,144,Standard Account,,,,,,,,,,,,,,,,
,,,,,,,"Romaguera, Moen and Hagenes Pharm",Germany,Pharmacy,21255149,64,Standard Account,,,,,,,,,,,,,,,,
,,,,,,,Cummings LLC Pharmaceutical Ltd,Germany,Pharmacy,20236110,75,Standard Account,,,,,,,,,,,,,,,,
,,,,,,,"Reynolds, Jast and Mante",Germany,Pharmacy,21740500,58,Standard Account,,,,,,,,,,,,,,,,
,,,,,,,Cassin PLC Pharmaceutical Limited,Germany,Pharmacy,21760605,57,Standard Account,,,,,,,,,,,,,,,,
,,,,,,,Hayes-Kilback Pharmaceutical Limited,Germany,Pharmacy,37181108,4,Key Account,,,,,,,,,,,,,,,,
,,,,,,,"Hirthe, Williamson and Macejkovic",Germany,Pharmacy,20701441,68,Standard Account,,,,,,,,,,,,,,,,
,,,,,,,"Zieme, Doyle and Kunze Pharmacy",Germany,Pharmacy,14150953,172,Standard Account,,,,,,,,,,,,,,,,
,,,,,,,Schulist-Zulauf Pharmaceutical Ltd,Germany,Pharmacy,17355962,123,Standard Account,,,,,,,,,,,,,,,,
,,,,,,,Monahan Ltd Pharma Plc,Germany,Pharmacy,22617294,50,Growth Account,,,,,,,,,,,,,,,,
,,,,,,,Hoeger Ltd,Germany,Pharmacy,23303292,43,Growth Account,,,,,,,,,,,,,,,,
,,,,,,,"Upton, Abernathy and Goodwin Pharm",Germany,Pharmacy,16472204,136,Standard Account,,,,,,,,,,,,,,,,
,,,,,,,"Nitzsche, Effertz and Maggio Pharmaceutical Limited",Germany,Pharmacy,23174533,44,Growth Account,,,,,,,,,,,,,,,,
,,,,,,,Pfannerstill Group Pharmaceutical Limited,Germany,Pharmacy,16547668,135,Standard Account,,,,,,,,,,,,,,,,
,,,,,,,Hermiston and Sons Pharmaceutical Ltd,Germany,Pharmacy,16744798,132,Standard Account,,,,,,,,,,,,,,,,
,,,,,,,"Torphy, Pfeffer and Jakubowski Pharmaceutical Ltd",Germany,Pharmacy,13807772,177,Standard Account,,,,,,,,,,,,,,,,
,,,,,,,Carter-Conn Pharmaceutical Ltd,Germany,Pharmacy,16124613,145,Standard Account,,,,,,,,,,,,,,,,
,,,,,,,Block-Romaguera,Germany,Pharmacy,21344191,62,Standard Account,,,,,,,,,,,,,,,,
,,,,,,,"Buckridge, Hand and Hyatt",Germany,Pharmacy,13511491,184,Standard Account,,,,,,,,,,,,,,,,
,,,,,,,Hermiston and Sons Pharmacy,Germany,Pharmacy,17283582,126,Standard Account,,,,,,,,,,,,,,,,
,,,,,,,Rogahn-Klein Pharma Plc,Germany,Pharmacy,23135473,46,Growth Account,,,,,,,,,,,,,,,,
,,,,,,,"Hansen, Fadel and Schroeder Pharma Plc",Germany,Pharmacy,18012485,108,Standard Account,,,,,,,,,,,,,,,,
,,,,,,,Reinger Group Pharmaceutical Limited,Germany,Pharmacy,18358327,100,Standard Account,,,,,,,,,,,,,,,,
,,,,,,,Funk and Sons Pharm,Germany,Pharmacy,13871742,176,Standard Account,,,,,,,,,,,,,,,,
,,,,,,,Walter Ltd Pharmaceutical Limited,Germany,Pharmacy,13129693,187,Standard Account,,,,,,,,,,,,,,,,
,,,,,,,Runolfsson-Halvorson Pharmacy,Germany,Pharmacy,17223509,128,Standard Account,,,,,,,,,,,,,,,,
,,,,,,,"Heathcote, Grant and Witting Pharmaceutical Limited",Germany,Pharmacy,22097548,53,Standard Account,,,,,,,,,,,,,,,,
,,,,,,,Sauer and Sons Pharmacy,Germany,Pharmacy,15935851,149,Standard Account,,,,,,,,,,,,,,,,
,,,,,,,Gibson-Hill Pharmaceutical Limited,Germany,Pharmacy,24554301,37,Growth Account,,,,,,,,,,,,,,,,
,,,,,,,"Wintheiser, Breitenberg and Gottlieb Pharma Plc",Germany,Pharmacy,19647009,81,Standard Account,,,,,,,,,,,,,,,,
,,,,,,,Rohan and Sons Pharmaceutical Limited,Germany,Pharmacy,11842430,195,Standard Account,,,,,,,,,,,,,,,,
,,,,,,,McKenzie-Zemlak Pharma Plc,Germany,Pharmacy,28444161,18,Growth Account,,,,,,,,,,,,,,,,
,,,,,,,Balistreri Group Pharmacy,Germany,Pharmacy,13660437,178,Standard Account,,,,,,,,,,,,,,,,
,,,,,,,Franecki Inc Pharmacy,Germany,Pharmacy,16460568,137,Standard Account,,,,,,,,,,,,,,,,
,,,,,,,Raynor-Graham Pharma Plc,Germany,Pharmacy,19343253,84,Standard Account,,,,,,,,,,,,,,,,
,,,,,,,Kozey Ltd Pharma Plc,Germany,Pharmacy,36209584,5,Key Account,,,,,,,,,,,,,,,,
,,,,,,,Denesik-Hintz Pharma Plc,Germany,Pharmacy,14681500,167,Standard Account,,,,,,,,,,,,,,,,
,,,,,,,"Wisozk, Brekke and Bartoletti Pharmacy",Germany,Pharmacy,18179497,104,Standard Account,,,,,,,,,,,,,,,,
,,,,,,,Mante-Grady Pharmaceutical Ltd,Germany,Pharmacy,16037517,147,Standard Account,,,,,,,,,,,,,,,,
,,,,,,,"Steuber, Hills and Botsford Pharma Plc",Germany,Pharmacy,17795955,112,Standard Account,,,,,,,,,,,,,,,,
,,,,,,,Smith Inc Pharm,Germany,Pharmacy,13889587,175,Standard Account,,,,,,,,,,,,,,,,
,,,,,,,Beier PLC Pharm,Germany,Pharmacy,25378116,33,Growth Account,,,,,,,,,,,,,,,,
,,,,,,,"Bogan, Jacobs and Kris Pharmaceutical Limited",Germany,Pharmacy,13625131,180,Standard Account,,,,,,,,,,,,,,,,
,,,,,,,"Wiegand, Jast and Yost",Germany,Pharmacy,15396422,160,Standard Account,,,,,,,,,,,,,,,,
,,,,,,,"Hammes, Bashirian and Pacocha Pharmacy",Germany,Pharmacy,11667849,196,Standard Account,,,,,,,,,,,,,,,,
,,,,,,,Schimmel-Waelchi Pharmaceutical Limited,Germany,Pharmacy,18476676,94,Standard Account,,,,,,,,,,,,,,,,
,,,,,,,"Cormier, Dietrich and Zulauf Pharmacy",Germany,Pharmacy,28329883,20,Growth Account,,,,,,,,,,,,,,,,
,,,,,,,"Gleichner, Bahringer and Morar Pharmaceutical Limited",Germany,Pharmacy,43779381,3,Key Account,,,,,,,,,,,,,,,,
,,,,,,,Sipes and Sons Pharmaceutical Limited,Germany,Pharmacy,14964183,164,Standard Account,,,,,,,,,,,,,,,,
,,,,,,,"Corkery, Trantow and Ferry Pharma Plc",Germany,Pharmacy,20195908,76,Standard Account,,,,,,,,,,,,,,,,
,,,,,,,Jacobs-Jones Pharmaceutical Ltd,Germany,Pharmacy,17303434,125,Standard Account,,,,,,,,,,,,,,,,
,,,,,,,Bashirian Group,Germany,Pharmacy,12813673,189,Standard Account,,,,,,,,,,,,,,,,
,,,,,,,"Barrows, Zboncak and Reichert Pharma Plc",Germany,Pharmacy,11129458,197,Standard Account,,,,,,,,,,,,,,,,
,,,,,,,Torp-Fisher,Germany,Pharmacy,24617043,36,Growth Account,,,,,,,,,,,,,,,,
,,,,,,,Ondricka-Waters Pharmaceutical Ltd,Germany,Pharmacy,19729526,80,Standard Account,,,,,,,,,,,,,,,,
,,,,,,,Doyle-Tillman Pharmaceutical Limited,Germany,Pharmacy,21692895,61,Standard Account,,,,,,,,,,,,,,,,
,,,,,,,Cremin-Zemlak Pharmaceutical Limited,Germany,Pharmacy,16188040,143,Standard Account,,,,,,,,,,,,,,,,
,,,,,,,"Schmitt, Berge and Haley Pharmaceutical Ltd",Germany,Pharmacy,19608106,82,Standard Account,,,,,,,,,,,,,,,,
,,,,,,,Schulist-Zulauf,Germany,Pharmacy,28393501,19,Growth Account,,,,,,,,,,,,,,,,
,,,,,,,Reinger Group Pharma Plc,Germany,Pharmacy,17164814,129,Standard Account,,,,,,,,,,,,,,,,
,,,,,,,Steuber Ltd Pharmaceutical Limited,Germany,Pharmacy,17510886,121,Standard Account,,,,,,,,,,,,,,,,
,,,,,,,"Kub, Von and Herzog Pharmaceutical Ltd",Germany,Pharmacy,17819138,111,Standard Account,,,,,,,,,,,,,,,,
,,,,,,,Schaefer LLC Pharma Plc,Germany,Pharmacy,14407122,170,Standard Account,,,,,,,,,,,,,,,,
,,,,,,,"Buckridge, Hand and Hyatt Pharmaceutical Ltd",Germany,Pharmacy,36107411,6,Key Account,,,,,,,,,,,,,,,,
,,,,,,,"Herman, Rice and Rippin Pharmaceutical Limited",Germany,Pharmacy,27376951,21,Growth Account,,,,,,,,,,,,,,,,
,,,,,,,Goldner-Tillman Pharmacy,Germany,Pharmacy,22575320,51,Standard Account,,,,,,,,,,,,,,,,
,,,,,,,Crist LLC,Germany,Pharmacy,14504025,169,Standard Account,,,,,,,,,,,,,,,,
,,,,,,,Pfeffer-Kirlin Pharmacy,Germany,Pharmacy,16240979,142,Standard Account,,,,,,,,,,,,,,,,
,,,,,,,"Wiegand, Jast and Yost Pharmaceutical Ltd",Germany,Pharmacy,33075207,9,Key Account,,,,,,,,,,,,,,,,
,,,,,,,"Beahan, Littel and Ondricka",Germany,Pharmacy,15585678,156,Standard Account,,,,,,,,,,,,,,,,
,,,,,,,Weber Ltd Pharmacy,Germany,Pharmacy,13939423,174,Standard Account,,,,,,,,,,,,,,,,
,,,,,,,Crona PLC Pharmaceutical Ltd,Germany,Pharmacy,21130726,65,Standard Account,,,,,,,,,,,,,,,,
,,,,,,,Collins-Schmidt Pharmaceutical Limited,Germany,Pharmacy,12781136,190,Standard Account,,,,,,,,,,,,,,,,
,,,,,,,Funk PLC Pharm,Germany,Pharmacy,17589925,118,Standard Account,,,,,,,,,,,,,,,,
,,,,,,,Jast-Cruickshank Pharmaceutical Ltd,Germany,Pharmacy,19451890,83,Standard Account,,,,,,,,,,,,,,,,
,,,,,,,Veum and Sons Pharmaceutical Limited,Germany,Pharmacy,26826785,24,Growth Account,,,,,,,,,,,,,,,,
,,,,,,,"Erdman, Senger and Oberbrunner Pharmaceutical Ltd",Germany,Hospital,14186478,171,Standard Account,,,,,,,,,,,,,,,,
,,,,,,,Corkery-Kovacek Pharm,Germany,Hospital,30091420,13,Growth Account,,,,,,,,,,,,,,,,
,,,,,,,Streich PLC Pharm,Germany,Hospital,25646105,31,Growth Account,,,,,,,,,,,,,,,,
,,,,,,,"Koelpin, Luettgen and Abernathy Pharmaceutical Ltd",Germany,Hospital,20073196,77,Standard Account,,,,,,,,,,,,,,,,
,,,,,,,Barrows Inc Pharmacy,Germany,Hospital,26895847,22,Growth Account,,,,,,,,,,,,,,,,
,,,,,,,Leannon-West,Germany,Hospital,17512900,120,Standard Account,,,,,,,,,,,,,,,,
,,,,,,,Heller-Abernathy Pharmaceutical Limited,Germany,Hospital,20685879,69,Standard Account,,,,,,,,,,,,,,,,
,,,,,,,Mann-Waelchi Pharma Plc,Germany,Hospital,17692534,113,Standard Account,,,,,,,,,,,,,,,,
,,,,,,,Rosenbaum-Tromp Pharmacy,Germany,Hospital,26339532,26,Growth Account,,,,,,,,,,,,,,,,
,,,,,,,Daugherty-Rempel Pharm,Germany,Hospital,23762988,41,Growth Account,,,,,,,,,,,,,,,,
,,,,,,,Runte-Marquardt Pharm,Germany,Hospital,17661974,115,Standard Account,,,,,,,,,,,,,,,,
,,,,,,,"Heathcote, Grant and Witting Pharmacy",Germany,Hospital,29273736,16,Growth Account,,,,,,,,,,,,,,,,
,,,,,,,Murray PLC Pharma Plc,Germany,Hospital,21289048,63,Standard Account,,,,,,,,,,,,,,,,
,,,,,,,Herman-Koss Pharmaceutical Ltd,Germany,Hospital,22849800,48,Growth Account,,,,,,,,,,,,,,,,
,,,,,,,"Watsica, Larson and Labadie Pharmaceutical Ltd",Germany,Hospital,30633647,12,Growth Account,,,,,,,,,,,,,,,,
,,,,,,,Kozey-Schroeder Pharm,Germany,Hospital,14886170,165,Standard Account,,,,,,,,,,,,,,,,
,,,,,,,"Wuckert, Kreiger and Howell",Germany,Hospital,17876232,110,Standard Account,,,,,,,,,,,,,,,,
,,,,,,,Daugherty-Rempel Pharmaceutical Limited,Germany,Hospital,17559603,119,Standard Account,,,,,,,,,,,,,,,,
,,,,,,,Gerlach LLC Pharma Plc,Germany,Hospital,15092746,162,Standard Account,,,,,,,,,,,,,,,,
,,,,,,,"Blanda, Stehr and Gleason Pharma Plc",Germany,Hospital,17899263,109,Standard Account,,,,,,,,,,,,,,,,
,,,,,,,Turner Ltd,Germany,Hospital,18452148,97,Standard Account,,,,,,,,,,,,,,,,
,,,,,,,Mills Inc Pharmaceutical Ltd,Germany,Hospital,45939009,1,Key Account,,,,,,,,,,,,,,,,
,,,,,,,Hartmann-Wolf Pharmaceutical Limited,Germany,Hospital,15002150,163,Standard Account,,,,,,,,,,,,,,,,
,,,,,,,McDermott Group Pharmacy,Germany,Hospital,15516544,159,Standard Account,,,,,,,,,,,,,,,,
,,,,,,,"Langworth, Olson and Satterfield Pharm",Germany,Hospital,15772110,153,Standard Account,,,,,,,,,,,,,,,,
,,,,,,,Mraz Group Pharma Plc,Germany,Hospital,23133178,47,Growth Account,,,,,,,,,,,,,,,,
,,,,,,,Legros-Runte Pharmaceutical Limited,Germany,Hospital,16007135,148,Standard Account,,,,,,,,,,,,,,,,
,,,,,,,Nader-Gaylord Pharmacy,Germany,Hospital,17267414,127,Standard Account,,,,,,,,,,,,,,,,
,,,,,,,Sipes and Sons Pharma Plc,Germany,Hospital,16316094,140,Standard Account,,,,,,,,,,,,,,,,
,,,,,,,Pfannerstill Group,Germany,Hospital,18414251,99,Standard Account,,,,,,,,,,,,,,,,
,,,,,,,Bosco-Marquardt Pharmaceutical Ltd,Germany,Hospital,29978482,14,Growth Account,,,,,,,,,,,,,,,,
,,,,,,,"Denesik, Walter and Beatty Pharmacy",Germany,Hospital,15682041,154,Standard Account,,,,,,,,,,,,,,,,
,,,,,,,Buckridge-Davis Pharmaceutical Limited,Germany,Hospital,26096674,28,Growth Account,,,,,,,,,,,,,,,,
,,,,,,,McDermott Inc Pharmacy,Germany,Hospital,31550539,10,Key Account,,,,,,,,,,,,,,,,
,,,,,,,"Schowalter, Runolfsson and VonRueden Pharmaceutical Limited",Germany,Hospital,31069500,11,Growth Account,,,,,,,,,,,,,,,,
,,,,,,,Weber Ltd Pharmaceutical Ltd,Germany,Hospital,16649251,134,Standard Account,,,,,,,,,,,,,,,,
,,,,,,,"Gerhold, Mills and Effertz Pharma Plc",Germany,Hospital,10465861,198,Standard Account,,,,,,,,,,,,,,,,
,,,,,,,"Corkery, Trantow and Ferry Pharm",Germany,Hospital,26198762,27,Growth Account,,,,,,,,,,,,,,,,
,,,,,,,Vandervort LLC Pharmaceutical Ltd,Germany,Hospital,20964778,66,Standard Account,,,,,,,,,,,,,,,,
,,,,,,,Kutch-Marks Pharmaceutical Limited,Germany,Hospital,20617497,71,Standard Account,,,,,,,,,,,,,,,,
,,,,,,,Gottlieb-Koss Pharmacy,Germany,Hospital,17658742,116,Standard Account,,,,,,,,,,,,,,,,
,,,,,,,"Balistreri, Torp and Gulgowski",Germany,Hospital,28802458,17,Growth Account,,,,,,,,,,,,,,,,
,,,,,,,Abernathy and Sons Pharmaceutical Limited,Germany,Hospital,18857078,90,Standard Account,,,,,,,,,,,,,,,,
,,,,,,,Boyer and Sons Pharmaceutical Ltd,Germany,Hospital,15911451,151,Standard Account,,,,,,,,,,,,,,,,
,,,,,,,"Nitzsche, Effertz and Maggio",Germany,Hospital,25339434,34,Growth Account,,,,,,,,,,,,,,,,
,,,,,,,Zemlak Group Pharmacy,Germany,Hospital,12872896,188,Standard Account,,,,,,,,,,,,,,,,
,,,,,,,Feest PLC Pharmaceutical Ltd,Germany,Hospital,18496533,93,Standard Account,,,,,,,,,,,,,,,,
,,,,,,,Trantow LLC Pharmacy,Germany,Hospital,24450589,38,Growth Account,,,,,,,,,,,,,,,,
,,,,,,,Senger-Kirlin Pharmaceutical Ltd,Germany,Hospital,33714954,8,Key Account,,,,,,,,,,,,,,,,
,,,,,,,Gerlach PLC Pharmaceutical Ltd,Germany,Hospital,18232829,102,Standard Account,,,,,,,,,,,,,,,,
,,,,,,,Prohaska-Kuhic Pharmaceutical Limited,Germany,Hospital,15249768,161,Standard Account,,,,,,,,,,,,,,,,
,,,,,,,"Kutch, Daniel and Ortiz Pharm",Germany,Hospital,16809160,131,Standard Account,,,,,,,,,,,,,,,,
,,,,,,,Gulgowski-Vandervort Pharm,Germany,Hospital,16454043,138,Standard Account,,,,,,,,,,,,,,,,
,,,,,,,Nader-Borer Pharmaceutical Limited,Germany,Hospital,13453890,185,Standard Account,,,,,,,,,,,,,,,,
,,,,,,,Nader-Borer Pharm,Germany,Hospital,25575623,32,Growth Account,,,,,,,,,,,,,,,,
,,,,,,,"Nolan, DuBuque and Schultz",Germany,Hospital,16112843,146,Standard Account,,,,,,,,,,,,,,,,
,,,,,,,"Koch, Borer and Hagenes Pharm",Germany,Hospital,26877575,23,Growth Account,,,,,,,,,,,,,,,,
,,,,,,,Pfeffer-Kirlin Pharmaceutical Limited,Germany,Hospital,19226448,85,Standard Account,,,,,,,,,,,,,,,,
,,,,,,,Barrows-Kohler Pharm,Germany,Hospital,17624215,117,Standard Account,,,,,,,,,,,,,,,,
,,,,,,,"Kirlin, Hamill and Dickinson Pharmaceutical Limited",Germany,Hospital,12394267,192,Standard Account,,,,,,,,,,,,,,,,
,,,,,,,Parisian Ltd Pharma Plc,Germany,Hospital,15635527,155,Standard Account,,,,,,,,,,,,,,,,
,,,,,,,Mraz-Kutch Pharmacy,Germany,Hospital,11938923,194,Standard Account,,,,,,,,,,,,,,,,
,,,,,,,Kihn Group Pharmaceutical Limited,Germany,Hospital,21723459,59,Standard Account,,,,,,,,,,,,,,,,
,,,,,,,Crona PLC Pharmacy,Germany,Hospital,15562126,158,Standard Account,,,,,,,,,,,,,,,,
,,,,,,,Wehner-Stehr Pharm,Germany,Hospital,13605696,181,Standard Account,,,,,,,,,,,,,,,,
,,,,,,,Tillman Group Pharmaceutical Limited,Germany,Hospital,12103140,193,Standard Account,,,,,,,,,,,,,,,,
,,,,,,,Fahey-Flatley Pharmaceutical Ltd,Germany,Hospital,21702505,60,Standard Account,,,,,,,,,,,,,,,,
,,,,,,,Marquardt PLC Pharmaceutical Ltd,Germany,Hospital,13589800,182,Standard Account,,,,,,,,,,,,,,,,
,,,,,,,"Casper, Hyatt and Jakubowski Pharmacy",Germany,Hospital,16258870,141,Standard Account,,,,,,,,,,,,,,,,
,,,,,,,"Grimes, Jacobs and Durgan Pharma Plc",Germany,Hospital,18473363,95,Standard Account,,,,,,,,,,,,,,,,
,,,,,,,"Towne, Cummerata and Blanda Pharmaceutical Ltd",Germany,Hospital,20408392,74,Standard Account,,,,,,,,,,,,,,,,
,,,,,,,Lockman-Welch,Germany,Hospital,15920169,#N/A,#N/A,,,,,,,,,,,,,,,,
,,,,,,,Runolfsson-Powlowski Pharmacy,Germany,Hospital,30369421,#N/A,#N/A,,,,,,,,,,,,,,,,
,,,,,,,Buckridge Inc Pharmaceutical Limited,Germany,Hospital,19855032,#N/A,#N/A,,,,,,,,,,,,,,,,
,,,,,,,Crist Inc Pharmaceutical Ltd,Germany,Hospital,13297454,#N/A,#N/A,,,,,,,,,,,,,,,,
,,,,,,,"Rosenbaum, Klein and Herzog Pharma Plc",Germany,Hospital,15130196,#N/A,#N/A,,,,,,,,,,,,,,,,
,,,,,,,"Wuckert, Kreiger and Howell Pharma Plc",Germany,Hospital,25290286,#N/A,#N/A,,,,,,,,,,,,,,,,
,,,,,,,Lockman Ltd Pharma Plc,Germany,Hospital,17461646,#N/A,#N/A,,,,,,,,,,,,,,,,
,,,,,,,Durgan-Rice Pharmaceutical Ltd,Germany,Hospital,19881662,#N/A,#N/A,,,,,,,,,,,,,,,,
,,,,,,,Legros-Runte Pharmaceutical Ltd,Germany,Hospital,14770636,#N/A,#N/A,,,,,,,,,,,,,,,,
,,,,,,,Osinski-Collins Pharma Plc,Germany,Hospital,16098974,#N/A,#N/A,,,,,,,,,,,,,,,,
,,,,,,,"Block, Thiel and Kuphal Pharmaceutical Limited",Germany,Hospital,17154476,#N/A,#N/A,,,,,,,,,,,,,,,,
,,,,,,,Kreiger Inc Pharm,Germany,Hospital,20444291,#N/A,#N/A,,,,,,,,,,,,,,,,
,,,,,,,"Ondricka, Rosenbaum and Beahan Pharm",Germany,Hospital,17649861,#N/A,#N/A,,,,,,,,,,,,,,,,
,,,,,,,"Johns, Mueller and Nitzsche",Germany,Hospital,24712891,#N/A,#N/A,,,,,,,,,,,,,,,,
,,,,,,,Leannon-West Pharmaceutical Limited,Germany,Hospital,25826483,#N/A,#N/A,,,,,,,,,,,,,,,,
,,,,,,,Skiles-McKenzie Pharmacy,Germany,Hospital,18389344,#N/A,#N/A,,,,,,,,,,,,,,,,
,,,,,,,"Moen, Murazik and Smith Pharmaceutical Ltd",Germany,Hospital,17536138,#N/A,#N/A,,,,,,,,,,,,,,,,
,,,,,,,Botsford PLC,Germany,Hospital,24768128,#N/A,#N/A,,,,,,,,,,,,,,,,
,,,,,,,Friesen Group Pharm,Germany,Hospital,24254576,#N/A,#N/A,,,,,,,,,,,,,,,,
,,,,,,,Heidenreich Group Pharm,Germany,Hospital,14083984,#N/A,#N/A,,,,,,,,,,,,,,,,
,,,,,,,"Gerhold, Mills and Effertz",Germany,Hospital,10508296,#N/A,#N/A,,,,,,,,,,,,,,,,
,,,,,,,Spencer-Jerde Pharmaceutical Limited,Germany,Hospital,19269849,#N/A,#N/A,,,,,,,,,,,,,,,,
,,,,,,,Kozey-Emmerich,Germany,Hospital,20673989,#N/A,#N/A,,,,,,,,,,,,,,,,
,,,,,,,"Kuphal, D'Amore and Bode Pharmacy",Germany,Hospital,15316826,#N/A,#N/A,,,,,,,,,,,,,,,,
,,,,,,,Botsford and Sons Pharma Plc,Germany,Hospital,16780942,#N/A,#N/A,,,,,,,,,,,,,,,,
,,,,,,,"Kuphal, Herzog and Purdy",Germany,Hospital,40796789,#N/A,#N/A,,,,,,,,,,,,,,,,
,,,,,,,"Reinger, Kihn and Goyette Pharmaceutical Limited",Germany,Hospital,22515286,#N/A,#N/A,,,,,,,,,,,,,,,,
,,,,,,,Homenick-Larson Pharmaceutical Ltd,Germany,Hospital,17315988,#N/A,#N/A,,,,,,,,,,,,,,,,
,,,,,,,Marquardt-Ryan Pharm,Germany,Hospital,12679857,#N/A,#N/A,,,,,,,,,,,,,,,,
,,,,,,,"Roob, Ernser and Kub Pharmaceutical Ltd",Germany,Hospital,10990529,#N/A,#N/A,,,,,,,,,,,,,,,,
,,,,,,,Konopelski-Blick Pharmaceutical Limited,Germany,Hospital,14748118,#N/A,#N/A,,,,,,,,,,,,,,,,
,,,,,,,Buckridge Inc Pharm,Germany,Hospital,18752650,#N/A,#N/A,,,,,,,,,,,,,,,,
,,,,,,,"Effertz, Heaney and Tillman Pharma Plc",Germany,Hospital,17984317,#N/A,#N/A,,,,,,,,,,,,,,,,
,,,,,,,Buckridge-Strosin Pharmaceutical Ltd,Germany,Hospital,33261230,#N/A,#N/A,,,,,,,,,,,,,,,,
,,,,,,,Fritsch-Hauck Pharm,Germany,Hospital,13243526,#N/A,#N/A,,,,,,,,,,,,,,,,
,,,,,,,Hill-Daniel Pharmaceutical Ltd,Germany,Hospital,27600353,#N/A,#N/A,,,,,,,,,,,,,,,,
,,,,,,,"Cormier, Dietrich and Zulauf Pharmaceutical Limited",Germany,Hospital,19559458,#N/A,#N/A,,,,,,,,,,,,,,,,
,,,,,,,"Hirthe, Williamson and Macejkovic Pharmacy",Germany,Hospital,19467179,#N/A,#N/A,,,,,,,,,,,,,,,,
,,,,,,,"Haag, Bradtke and Terry Pharm",Germany,Hospital,11107603,#N/A,#N/A,,,,,,,,,,,,,,,,
,,,,,,,Zemlak-Witting Pharmaceutical Limited,Germany,Hospital,11948953,#N/A,#N/A,,,,,,,,,,,,,,,,
,,,,,,,Bosco-Marquardt Pharmaceutical Limited,Germany,Hospital,25433148,#N/A,#N/A,,,,,,,,,,,,,,,,
,,,,,,,"Will, McGlynn and Fritsch Pharmaceutical Limited",Germany,Hospital,15624628,#N/A,#N/A,,,,,,,,,,,,,,,,
,,,,,,,"Leuschke, Waters and Schowalter Pharmacy",Germany,Hospital,23867707,#N/A,#N/A,,,,,,,,,,,,,,,,
,,,,,,,Cummings LLC,Germany,Hospital,15615225,#N/A,#N/A,,,,,,,,,,,,,,,,
,,,,,,,Abernathy Group,Germany,Hospital,24876667,#N/A,#N/A,,,,,,,,,,,,,,,,
,,,,,,,Kris LLC Pharmaceutical Limited,Germany,Hospital,13490977,#N/A,#N/A,,,,,,,,,,,,,,,,
,,,,,,,Kohler-Bednar Pharm,Germany,Hospital,26531140,#N/A,#N/A,,,,,,,,,,,,,,,,
,,,,,,,"Fritsch, Hodkiewicz and Sipes Pharma Plc",Germany,Hospital,23370239,#N/A,#N/A,,,,,,,,,,,,,,,,
,,,,,,,Jast-Cruickshank Pharmacy,Germany,Hospital,12331196,#N/A,#N/A,,,,,,,,,,,,,,,,
,,,,,,,Dach Ltd Pharma Plc,Germany,Hospital,20993338,#N/A,#N/A,,,,,,,,,,,,,,,,
,,,,,,,Kihn Group Pharm,Germany,Hospital,11299828,#N/A,#N/A,,,,,,,,,,,,,,,,
,,,,,,,"Koch, Borer and Hagenes Pharmaceutical Ltd",Germany,Hospital,17054360,#N/A,#N/A,,,,,,,,,,,,,,,,
,,,,,,,"Schinner, Gaylord and Treutel Pharmaceutical Limited",Germany,Hospital,11028227,#N/A,#N/A,,,,,,,,,,,,,,,,
,,,,,,,Bayer LLC,Germany,Hospital,34834444,#N/A,#N/A,,,,,,,,,,,,,,,,
,,,,,,,Botsford and Sons,Germany,Hospital,20852469,#N/A,#N/A,,,,,,,,,,,,,,,,
,,,,,,,Reichel Inc Pharm,Germany,Hospital,15055189,#N/A,#N/A,,,,,,,,,,,,,,,,
,,,,,,,Medhurst-Beer,Germany,Hospital,19090504,#N/A,#N/A,,,,,,,,,,,,,,,,
,,,,,,,Reilly Ltd Pharma Plc,Germany,Hospital,21219227,#N/A,#N/A,,,,,,,,,,,,,,,,
,,,,,,,"Koelpin, Luettgen and Abernathy Pharmacy",Germany,Hospital,18731547,#N/A,#N/A,,,,,,,,,,,,,,,,
,,,,,,,Welch-Langworth Pharm,Germany,Hospital,13016333,#N/A,#N/A,,,,,,,,,,,,,,,,
,,,,,,,Lemke Ltd Pharmaceutical Limited,Germany,Hospital,15071628,#N/A,#N/A,,,,,,,,,,,,,,,,
,,,,,,,Hane Ltd Pharmaceutical Ltd,Germany,Hospital,18353020,#N/A,#N/A,,,,,,,,,,,,,,,,
,,,,,,,Kozey-Emmerich Pharmacy,Germany,Hospital,24471675,#N/A,#N/A,,,,,,,,,,,,,,,,
,,,,,,,"Gleichner, Bahringer and Morar Pharmacy",Germany,Hospital,15652843,#N/A,#N/A,,,,,,,,,,,,,,,,
,,,,,,,Zemlak Group Pharm,Germany,Hospital,30580526,#N/A,#N/A,,,,,,,,,,,,,,,,
,,,,,,,Walsh-Brown Pharmaceutical Ltd,Germany,Hospital,21140466,#N/A,#N/A,,,,,,,,,,,,,,,,
,,,,,,,Waelchi LLC Pharmaceutical Limited,Germany,Hospital,18456036,#N/A,#N/A,,,,,,,,,,,,,,,,
,,,,,,,"Brakus, Rempel and Harber Pharmacy",Germany,Hospital,18095126,#N/A,#N/A,,,,,,,,,,,,,,,,
,,,,,,,Bartoletti-Altenwerth Pharm,Germany,Hospital,13173562,#N/A,#N/A,,,,,,,,,,,,,,,,
,,,,,,,Kling Inc,Germany,Hospital,15751199,#N/A,#N/A,,,,,,,,,,,,,,,,
,,,,,,,Block-Romaguera Pharmacy,Germany,Hospital,15793125,#N/A,#N/A,,,,,,,,,,,,,,,,
,,,,,,,Mante-Grady Pharma Plc,Germany,Hospital,18523791,#N/A,#N/A,,,,,,,,,,,,,,,,
,,,,,,,"Brakus, Rempel and Harber Pharm",Germany,Hospital,13020611,#N/A,#N/A,,,,,,,,,,,,,,,,
,,,,,,,Reilly Ltd Pharmacy,Germany,Hospital,34834844,#N/A,#N/A,,,,,,,,,,,,,,,,
,,,,,,,"Kub, Von and Herzog Pharmaceutical Limited",Germany,Hospital,19622265,#N/A,#N/A,,,,,,,,,,,,,,,,
,,,,,,,Ward Group Pharm,Germany,Hospital,13188028,#N/A,#N/A,,,,,,,,,,,,,,,,
,,,,,,,Dach PLC,Germany,Hospital,18546157,#N/A,#N/A,,,,,,,,,,,,,,,,
,,,,,,,Ondricka-Waters Pharmaceutical Limited,Germany,Hospital,11726828,#N/A,#N/A,,,,,,,,,,,,,,,,
,,,,,,,"Spinka, Schowalter and Conn Pharma Plc",Germany,Hospital,28704816,#N/A,#N/A,,,,,,,,,,,,,,,,
,,,,,,,"Prohaska, Bogisich and Gutkowski Pharmaceutical Limited",Germany,Hospital,37037760,#N/A,#N/A,,,,,,,,,,,,,,,,
,,,,,,,Herman-Koss Pharmaceutical Limited,Germany,Hospital,20436900,#N/A,#N/A,,,,,,,,,,,,,,,,
,,,,,,,"Harris, Daugherty and Okuneva Pharm",Germany,Hospital,27261177,#N/A,#N/A,,,,,,,,,,,,,,,,
,,,,,,,Prohaska-Kuhic Pharma Plc,Germany,Hospital,17250473,#N/A,#N/A,,,,,,,,,,,,,,,,
,,,,,,,"Blick, Pacocha and Schowalter Pharmacy",Germany,Hospital,12145917,#N/A,#N/A,,,,,,,,,,,,,,,,
,,,,,,,Balistreri Group Pharm,Germany,Hospital,18120449,#N/A,#N/A,,,,,,,,,,,,,,,,
,,,,,,,"Beer, Kohler and Beatty",Germany,Hospital,27426626,#N/A,#N/A,,,,,,,,,,,,,,,,
,,,,,,,Leuschke PLC Pharm,Germany,Hospital,12135998,#N/A,#N/A,,,,,,,,,,,,,,,,
,,,,,,,"Pfannerstill, Upton and Balistreri Pharmacy",Germany,Hospital,17983292,#N/A,#N/A,,,,,,,,,,,,,,,,
,,,,,,,"Rodriguez, Stokes and Dickens",Germany,Hospital,20541665,#N/A,#N/A,,,,,,,,,,,,,,,,
,,,,,,,Marquardt PLC,Germany,Hospital,18752095,#N/A,#N/A,,,,,,,,,,,,,,,,
,,,,,,,Fahey-Prosacco Pharmacy,Germany,Hospital,18990780,#N/A,#N/A,,,,,,,,,,,,,,,,
,,,,,,,"Paucek, Keeling and Bruen Pharma Plc",Germany,Hospital,18632011,#N/A,#N/A,,,,,,,,,,,,,,,,
,,,,,,,Hane Ltd,Germany,Hospital,21229550,#N/A,#N/A,,,,,,,,,,,,,,,,
,,,,,,,Crist Ltd Pharma Plc,Germany,Hospital,14899138,#N/A,#N/A,,,,,,,,,,,,,,,,
,,,,,,,"Parker, Green and Emmerich Pharmacy",Germany,Hospital,29336133,#N/A,#N/A,,,,,,,,,,,,,,,,
,,,,,,,D'Amore and Sons Pharmacy,Germany,Hospital,14282238,#N/A,#N/A,,,,,,,,,,,,,,,,
,,,,,,,Tillman Group Pharma Plc,Germany,Hospital,22217841,#N/A,#N/A,,,,,,,,,,,,,,,,
,,,,,,,"Kertzmann, Quitzon and Harris",Germany,Hospital,20021173,#N/A,#N/A,,,,,,,,,,,,,,,,
,,,,,,,Bayer LLC Pharm,Germany,Hospital,12960048,#N/A,#N/A,,,,,,,,,,,,,,,,
,,,,,,,Senger-Kirlin Pharma Plc,Germany,Hospital,18104944,#N/A,#N/A,,,,,,,,,,,,,,,,
,,,,,,,Quigley-Heathcote Pharmaceutical Ltd,Germany,Hospital,28708135,#N/A,#N/A,,,,,,,,,,,,,,,,
,,,,,,,"Moen, Murazik and Smith Pharm",Germany,Hospital,50885320,#N/A,#N/A,,,,,,,,,,,,,,,,
,,,,,,,Hansen Group Pharmacy,Germany,Hospital,17569970,#N/A,#N/A,,,,,,,,,,,,,,,,
,,,,,,,Schaefer Group Pharmaceutical Ltd,Germany,Hospital,14974616,#N/A,#N/A,,,,,,,,,,,,,,,,
,,,,,,,"Effertz, Heaney and Tillman Pharm",Germany,Hospital,16753635,#N/A,#N/A,,,,,,,,,,,,,,,,
,,,,,,,Lindgren-Simonis Pharmacy,Germany,Hospital,15471141,#N/A,#N/A,,,,,,,,,,,,,,,,
,,,,,,,Hill Ltd Pharma Plc,Germany,Hospital,13628308,#N/A,#N/A,,,,,,,,,,,,,,,,
,,,,,,,"Parisian, Hagenes and Skiles Pharmacy",Germany,Hospital,13925511,#N/A,#N/A,,,,,,,,,,,,,,,,
,,,,,,,Armstrong Inc Pharm,Germany,Hospital,24643385,#N/A,#N/A,,,,,,,,,,,,,,,,
,,,,,,,Romaguera-Fay Pharmaceutical Ltd,Germany,Hospital,21247656,#N/A,#N/A,,,,,,,,,,,,,,,,
,,,,,,,Skiles-McKenzie Pharmaceutical Limited,Germany,Hospital,26418367,#N/A,#N/A,,,,,,,,,,,,,,,,
,,,,,,,Graham and Sons Pharm,Germany,Hospital,21646430,#N/A,#N/A,,,,,,,,,,,,,,,,
,,,,,,,"Rosenbaum, Klein and Herzog Pharmaceutical Ltd",Germany,Hospital,14918650,#N/A,#N/A,,,,,,,,,,,,,,,,
,,,,,,,Terry-Kub Pharmaceutical Ltd,Germany,Pharmacy,18492869,#N/A,#N/A,,,,,,,,,,,,,,,,
,,,,,,,Turner Ltd Pharmacy,Germany,Pharmacy,22473558,#N/A,#N/A,,,,,,,,,,,,,,,,
,,,,,,,"Greenholt, Donnelly and O'Reilly Pharmaceutical Ltd",Germany,Pharmacy,17688642,#N/A,#N/A,,,,,,,,,,,,,,,,
,,,,,,,"Erdman, Senger and Oberbrunner Pharmacy",Germany,Pharmacy,22043224,#N/A,#N/A,,,,,,,,,,,,,,,,
,,,,,,,Erdman PLC,Germany,Pharmacy,18568129,#N/A,#N/A,,,,,,,,,,,,,,,,
,,,,,,,Friesen Group,Germany,Pharmacy,17341092,#N/A,#N/A,,,,,,,,,,,,,,,,
,,,,,,,"Roob, Ernser and Kub Pharmacy",Germany,Pharmacy,17692456,#N/A,#N/A,,,,,,,,,,,,,,,,
,,,,,,,Hermiston LLC Pharmaceutical Limited,Germany,Pharmacy,18657694,#N/A,#N/A,,,,,,,,,,,,,,,,
,,,,,,,McCullough LLC Pharmaceutical Limited,Germany,Pharmacy,13922199,#N/A,#N/A,,,,,,,,,,,,,,,,
,,,,,,,"Will, McGlynn and Fritsch Pharmaceutical Ltd",Germany,Pharmacy,14912794,#N/A,#N/A,,,,,,,,,,,,,,,,
,,,,,,,Koss Ltd Pharma Plc,Germany,Pharmacy,18642972,#N/A,#N/A,,,,,,,,,,,,,,,,
,,,,,,,"Funk, Ratke and Heaney",Germany,Pharmacy,29152180,#N/A,#N/A,,,,,,,,,,,,,,,,
,,,,,,,Walsh-Brown Pharma Plc,Germany,Pharmacy,15306204,#N/A,#N/A,,,,,,,,,,,,,,,,
,,,,,,,"Torphy, Pfeffer and Jakubowski Pharm",Germany,Pharmacy,41514215,#N/A,#N/A,,,,,,,,,,,,,,,,
,,,,,,,Waelchi LLC Pharm,Germany,Pharmacy,14555977,#N/A,#N/A,,,,,,,,,,,,,,,,
,,,,,,,Gottlieb-Cruickshank Pharm,Germany,Pharmacy,16287002,#N/A,#N/A,,,,,,,,,,,,,,,,
,,,,,,,"Daniel, Baumbach and Nitzsche Pharmacy",Germany,Pharmacy,13915633,#N/A,#N/A,,,,,,,,,,,,,,,,
,,,,,,,Mills Inc Pharmacy,Germany,Pharmacy,24461745,#N/A,#N/A,,,,,,,,,,,,,,,,
,,,,,,,Armstrong Inc Pharma Plc,Germany,Pharmacy,12315560,#N/A,#N/A,,,,,,,,,,,,,,,,
,,,,,,,"Zieme, Doyle and Kunze Pharm",Germany,Pharmacy,25305007,#N/A,#N/A,,,,,,,,,,,,,,,,
,,,,,,,Sauer-Herzog Pharmaceutical Limited,Germany,Pharmacy,23371565,#N/A,#N/A,,,,,,,,,,,,,,,,
,,,,,,,Stehr-Champlin Pharmacy,Germany,Pharmacy,37465602,#N/A,#N/A,,,,,,,,,,,,,,,,
,,,,,,,"Schinner, Gaylord and Treutel Pharmacy",Germany,Pharmacy,12306464,#N/A,#N/A,,,,,,,,,,,,,,,,
,,,,,,,Fritsch-Hauck Pharmaceutical Ltd,Germany,Pharmacy,20050325,#N/A,#N/A,,,,,,,,,,,,,,,,
,,,,,,,Mraz-Kutch Pharma Plc,Germany,Pharmacy,93561780,#N/A,#N/A,,,,,,,,,,,,,,,,
,,,,,,,Paucek PLC,Germany,Pharmacy,16824928,#N/A,#N/A,,,,,,,,,,,,,,,,
,,,,,,,Crist LLC Pharma Plc,Germany,Pharmacy,17935445,#N/A,#N/A,,,,,,,,,,,,,,,,
,,,,,,,"Reinger, Kihn and Goyette Pharma Plc",Germany,Pharmacy,19778627,#N/A,#N/A,,,,,,,,,,,,,,,,
,,,,,,,"Parker, Green and Emmerich Pharma Plc",Germany,Pharmacy,64890501,#N/A,#N/A,,,,,,,,,,,,,,,,
,,,,,,,Ritchie-Rodriguez Pharmacy,Germany,Pharmacy,17239990,#N/A,#N/A,,,,,,,,,,,,,,,,
,,,,,,,Beier PLC,Germany,Pharmacy,13148370,#N/A,#N/A,,,,,,,,,,,,,,,,
,,,,,,,Raynor LLC Pharmaceutical Limited,Germany,Pharmacy,26220594,#N/A,#N/A,,,,,,,,,,,,,,,,
,,,,,,,Ward Group Pharma Plc,Germany,Pharmacy,20697185,#N/A,#N/A,,,,,,,,,,,,,,,,
,,,,,,,"Kuphal, Herzog and Purdy Pharmaceutical Limited",Germany,Pharmacy,24833458,#N/A,#N/A,,,,,,,,,,,,,,,,
,,,,,,,Wolff Group,Germany,Pharmacy,14111671,#N/A,#N/A,,,,,,,,,,,,,,,,
,,,,,,,Ondricka Ltd,Germany,Pharmacy,16207564,#N/A,#N/A,,,,,,,,,,,,,,,,
,,,,,,,Koss-Beier Pharmaceutical Limited,Germany,Pharmacy,12833771,#N/A,#N/A,,,,,,,,,,,,,,,,
,,,,,,,"Kilback, Beer and Batz",Germany,Pharmacy,23566905,#N/A,#N/A,,,,,,,,,,,,,,,,
,,,,,,,"Kshlerin, Ryan and Leuschke",Germany,Pharmacy,16996416,#N/A,#N/A,,,,,,,,,,,,,,,,
,,,,,,,"Yundt, Leuschke and Ward",Germany,Pharmacy,16091963,#N/A,#N/A,,,,,,,,,,,,,,,,
,,,,,,,Watsica-Kovacek Pharmaceutical Ltd,Germany,Pharmacy,21523843,#N/A,#N/A,,,,,,,,,,,,,,,,
,,,,,,,Breitenberg-Kuhn,Germany,Pharmacy,14175297,#N/A,#N/A,,,,,,,,,,,,,,,,
,,,,,,,Ondricka Ltd Pharmaceutical Ltd,Germany,Pharmacy,12670917,#N/A,#N/A,,,,,,,,,,,,,,,,
,,,,,,,Kihn Group,Germany,Pharmacy,26209384,#N/A,#N/A,,,,,,,,,,,,,,,,
,,,,,,,Durgan-Rice Pharmacy,Germany,Pharmacy,18052321,#N/A,#N/A,,,,,,,,,,,,,,,,
,,,,,,,Leuschke PLC Pharmaceutical Ltd,Germany,Pharmacy,17277381,#N/A,#N/A,,,,,,,,,,,,,,,,
,,,,,,,Predovic LLC Pharmaceutical Limited,Germany,Pharmacy,35118268,#N/A,#N/A,,,,,,,,,,,,,,,,
,,,,,,,Watsica-Kovacek Pharmacy,Germany,Pharmacy,21508807,#N/A,#N/A,,,,,,,,,,,,,,,,
,,,,,,,"Sanford, Franecki and Greenholt Pharmaceutical Ltd",Germany,Pharmacy,20610430,#N/A,#N/A,,,,,,,,,,,,,,,,
,,,,,,,Schmitt LLC Pharma Plc,Germany,Pharmacy,18286334,#N/A,#N/A,,,,,,,,,,,,,,,,
,,,,,,,Balistreri-Watsica Pharma Plc,Germany,Pharmacy,18531755,#N/A,#N/A,,,,,,,,,,,,,,,,
,,,,,,,Veum and Sons Pharmaceutical Ltd,Germany,Pharmacy,26177593,#N/A,#N/A,,,,,,,,,,,,,,,,
,,,,,,,Carter-Conn Pharm,Germany,Pharmacy,17098169,#N/A,#N/A,,,,,,,,,,,,,,,,
,,,,,,,"Blanda, Stehr and Gleason Pharmaceutical Ltd",Germany,Pharmacy,15502581,#N/A,#N/A,,,,,,,,,,,,,,,,
,,,,,,,Leffler-Russel Pharmaceutical Limited,Germany,Pharmacy,25721319,#N/A,#N/A,,,,,,,,,,,,,,,,
,,,,,,,Corkery-Kovacek Pharma Plc,Germany,Pharmacy,22438560,#N/A,#N/A,,,,,,,,,,,,,,,,
,,,,,,,Gulgowski-Vandervort Pharma Plc,Germany,Pharmacy,26263639,#N/A,#N/A,,,,,,,,,,,,,,,,
,,,,,,,"Casper, Hyatt and Jakubowski Pharmaceutical Ltd",Germany,Pharmacy,24533946,#N/A,#N/A,,,,,,,,,,,,,,,,
,,,,,,,Trantow LLC Pharm,Germany,Pharmacy,14220908,#N/A,#N/A,,,,,,,,,,,,,,,,
,,,,,,,Heidenreich Group Pharmacy,Germany,Pharmacy,30216194,#N/A,#N/A,,,,,,,,,,,,,,,,
,,,,,,,Dach PLC Pharm,Germany,Pharmacy,26222321,#N/A,#N/A,,,,,,,,,,,,,,,,
,,,,,,,Marquardt-Ryan Pharma Plc,Germany,Pharmacy,33961522,#N/A,#N/A,,,,,,,,,,,,,,,,
,,,,,,,Paucek PLC Pharm,Germany,Pharmacy,15993869,#N/A,#N/A,,,,,,,,,,,,,,,,
,,,,,,,"Steuber, Skiles and Kilback Pharmacy",Germany,Pharmacy,21145446,#N/A,#N/A,,,,,,,,,,,,,,,,
,,,,,,,"Herman, Rice and Rippin Pharm",Germany,Pharmacy,20974624,#N/A,#N/A,,,,,,,,,,,,,,,,
,,,,,,,Feest PLC Pharmaceutical Limited,Germany,Pharmacy,22126737,#N/A,#N/A,,,,,,,,,,,,,,,,
,,,,,,,Mayert-Weber Pharmaceutical Ltd,Germany,Pharmacy,23393254,#N/A,#N/A,,,,,,,,,,,,,,,,
,,,,,,,"Sanford, Franecki and Greenholt Pharma Plc",Germany,Hospital,19908055,#N/A,#N/A,,,,,,,,,,,,,,,,
,,,,,,,Reichel Inc,Germany,Hospital,43495626,#N/A,#N/A,,,,,,,,,,,,,,,,
,,,,,,,Crona Group,Germany,Hospital,15164237,#N/A,#N/A,,,,,,,,,,,,,,,,
,,,,,,,Feest-Roob Pharmacy,Germany,Hospital,12432676,#N/A,#N/A,,,,,,,,,,,,,,,,
,,,,,,,Denesik-Hintz Pharmaceutical Limited,Germany,Hospital,14276666,#N/A,#N/A,,,,,,,,,,,,,,,,
,,,,,,,Yundt-Crona Pharm,Germany,Hospital,22630547,#N/A,#N/A,,,,,,,,,,,,,,,,
,,,,,,,"Beahan, Littel and Ondricka Pharma Plc",Germany,Hospital,17506161,#N/A,#N/A,,,,,,,,,,,,,,,,
,,,,,,,"Reynolds, Jast and Mante Pharm",Germany,Hospital,20640886,#N/A,#N/A,,,,,,,,,,,,,,,,
,,,,,,,"Funk, Ratke and Heaney Pharma Plc",Germany,Hospital,18351514,#N/A,#N/A,,,,,,,,,,,,,,,,
,,,,,,,Cartwright-Fay,Germany,Hospital,17323557,#N/A,#N/A,,,,,,,,,,,,,,,,
,,,,,,,"Wisozk, Brekke and Bartoletti",Germany,Hospital,14805318,#N/A,#N/A,,,,,,,,,,,,,,,,
,,,,,,,Fritsch LLC Pharm,Germany,Hospital,18245919,#N/A,#N/A,,,,,,,,,,,,,,,,
,,,,,,,"Crist, Wisoky and Nolan Pharmaceutical Limited",Germany,Hospital,15833467,#N/A,#N/A,,,,,,,,,,,,,,,,
,,,,,,,Fritsch LLC Pharmaceutical Ltd,Germany,Hospital,24462902,#N/A,#N/A,,,,,,,,,,,,,,,,
,,,,,,,"Crist, Wisoky and Nolan Pharm",Germany,Hospital,22827209,#N/A,#N/A,,,,,,,,,,,,,,,,
,,,,,,,Welch-Orn Pharmacy,Germany,Hospital,13905998,#N/A,#N/A,,,,,,,,,,,,,,,,
,,,,,,,Upton PLC Pharma Plc,Germany,Hospital,15306351,#N/A,#N/A,,,,,,,,,,,,,,,,
,,,,,,,Feest-Kshlerin Pharma Plc,Germany,Hospital,10446536,#N/A,#N/A,,,,,,,,,,,,,,,,
,,,,,,,"Bogan, Jacobs and Kris Pharmaceutical Ltd",Germany,Hospital,31085593,#N/A,#N/A,,,,,,,,,,,,,,,,
,,,,,,,Feest-Kshlerin,Germany,Hospital,13525280,#N/A,#N/A,,,,,,,,,,,,,,,,
,,,,,,,"Rodriguez, Stokes and Dickens Pharma Plc",Germany,Hospital,23460867,#N/A,#N/A,,,,,,,,,,,,,,,,
,,,,,,,"Upton, Abernathy and Goodwin Pharmaceutical Limited",Germany,Hospital,12302834,#N/A,#N/A,,,,,,,,,,,,,,,,
,,,,,,,"Romaguera, Moen and Hagenes Pharmacy",Germany,Hospital,42066660,#N/A,#N/A,,,,,,,,,,,,,,,,
,,,,,,,"Bernier, Murphy and Rau Pharmaceutical Limited",Germany,Hospital,25860721,#N/A,#N/A,,,,,,,,,,,,,,,,
,,,,,,,Hill-Daniel,Germany,Hospital,20537571,#N/A,#N/A,,,,,,,,,,,,,,,,
,,,,,,,Funk and Sons Pharmacy,Germany,Pharmacy,27629334,#N/A,#N/A,,,,,,,,,,,,,,,,
,,,,,,,Collins-Schmidt Pharma Plc,Germany,Pharmacy,13474719,#N/A,#N/A,,,,,,,,,,,,,,,,
,,,,,,,Vandervort LLC Pharm,Germany,Pharmacy,14647896,#N/A,#N/A,,,,,,,,,,,,,,,,
,,,,,,,"Hills, Stroman and Ernser",Germany,Pharmacy,15665366,#N/A,#N/A,,,,,,,,,,,,,,,,
,,,,,,,Terry-Kub Pharma Plc,Germany,Pharmacy,17495713,#N/A,#N/A,,,,,,,,,,,,,,,,
,,,,,,,Huels-Klein Pharmaceutical Ltd,Germany,Pharmacy,14550335,#N/A,#N/A,,,,,,,,,,,,,,,,
,,,,,,,White Inc Pharm,Germany,Pharmacy,20542811,#N/A,#N/A,,,,,,,,,,,,,,,,
,,,,,,,"Buckridge, Dach and Carroll Pharmaceutical Ltd",Germany,Pharmacy,25142017,#N/A,#N/A,,,,,,,,,,,,,,,,
,,,,,,,Raynor LLC Pharm,Germany,Pharmacy,21622957,#N/A,#N/A,,,,,,,,,,,,,,,,
,,,,,,,Okuneva-Corkery Pharma Plc,Germany,Pharmacy,16840527,#N/A,#N/A,,,,,,,,,,,,,,,,
,,,,,,,Runolfsson-Halvorson Pharm,Germany,Pharmacy,31642569,#N/A,#N/A,,,,,,,,,,,,,,,,
,,,,,,,Kozey-Schroeder Pharma Plc,Germany,Pharmacy,14723207,#N/A,#N/A,,,,,,,,,,,,,,,,
,,,,,,,"Fritsch, Hodkiewicz and Sipes Pharmacy",Germany,Pharmacy,13618070,#N/A,#N/A,,,,,,,,,,,,,,,,
,,,,,,,Abernathy and Sons,Germany,Pharmacy,20722227,#N/A,#N/A,,,,,,,,,,,,,,,,
,,,,,,,"Spinka, Schowalter and Conn",Germany,Pharmacy,21604758,#N/A,#N/A,,,,,,,,,,,,,,,,
,,,,,,,Murray PLC,Germany,Pharmacy,12013852,#N/A,#N/A,,,,,,,,,,,,,,,,
,,,,,,,Lemke Ltd Pharma Plc,Germany,Pharmacy,20699395,#N/A,#N/A,,,,,,,,,,,,,,,,
,,,,,,,Roob PLC Pharmaceutical Limited,Germany,Pharmacy,22007985,#N/A,#N/A,,,,,,,,,,,,,,,,
,,,,,,,Parisian Ltd Pharmacy,Germany,Hospital,14442606,#N/A,#N/A,,,,,,,,,,,,,,,,
,,,,,,,Rohan and Sons Pharma Plc,Germany,Pharmacy,21305652,#N/A,#N/A,,,,,,,,,,,,,,,,
,,,,,,,Schaefer-Rolfson Pharmacy,Germany,Pharmacy,25752521,#N/A,#N/A,,,,,,,,,,,,,,,,
,,,,,,,"Kshlerin, Ryan and Leuschke Pharm",Germany,Hospital,15476722,#N/A,#N/A,,,,,,,,,,,,,,,,
,,,,,,,Osinski-Collins,Germany,Hospital,28011167,#N/A,#N/A,,,,,,,,,,,,,,,,
,,,,,,,Bashirian Group Pharmacy,Germany,Pharmacy,18573169,#N/A,#N/A,,,,,,,,,,,,,,,,
,,,,,,,McKenzie-Zemlak Pharm,Germany,Pharmacy,17622491,#N/A,#N/A,,,,,,,,,,,,,,,,
,,,,,,,Buckridge-Strosin Pharma Plc,Germany,Hospital,30221186,#N/A,#N/A,,,,,,,,,,,,,,,,
,,,,,,,Kris LLC Pharmacy,Germany,Hospital,18272447,#N/A,#N/A,,,,,,,,,,,,,,,,
,,,,,,,Smith Inc Pharmacy,Germany,Pharmacy,30887275,#N/A,#N/A,,,,,,,,,,,,,,,,
,,,,,,,Rohan PLC Pharmacy,Germany,Pharmacy,13978216,#N/A,#N/A,,,,,,,,,,,,,,,,
,,,,,,,Welch-Orn Pharm,Germany,Hospital,17144623,#N/A,#N/A,,,,,,,,,,,,,,,,
,,,,,,,"Johnson, Friesen and Torphy Pharm",Germany,Hospital,12656990,#N/A,#N/A,,,,,,,,,,,,,,,,
,,,,,,,Rutherford and Sons Pharmaceutical Ltd,Germany,Hospital,19824807,#N/A,#N/A,,,,,,,,,,,,,,,,
,,,,,,,Homenick-Larson,Germany,Pharmacy,16467605,#N/A,#N/A,,,,,,,,,,,,,,,,
,,,,,,,Hayes-Kilback Pharma Plc,Germany,Pharmacy,20511137,#N/A,#N/A,,,,,,,,,,,,,,,,
,,,,,,,Wehner-Stehr,Germany,Pharmacy,33097541,#N/A,#N/A,,,,,,,,,,,,,,,,
,,,,,,,"Runolfsson, Swaniawski and Jaskolski Pharmaceutical Limited",Germany,Pharmacy,36479210,#N/A,#N/A,,,,,,,,,,,,,,,,
,,,,,,,Cremin-Zemlak Pharma Plc,Germany,Pharmacy,14709283,#N/A,#N/A,,,,,,,,,,,,,,,,
,,,,,,,"Haag, Bradtke and Terry",Germany,Pharmacy,36155634,#N/A,#N/A,,,,,,,,,,,,,,,,
,,,,,,,Schulist LLC Pharmaceutical Limited,Germany,Pharmacy,21735154,#N/A,#N/A,,,,,,,,,,,,,,,,
,,,,,,,Stanton-Cole Pharma Plc,Germany,Hospital,16630149,#N/A,#N/A,,,,,,,,,,,,,,,,
,,,,,,,Funk PLC Pharma Plc,Germany,Pharmacy,15286470,#N/A,#N/A,,,,,,,,,,,,,,,,
,,,,,,,"McClure, Zemlak and Dibbert Pharmacy",Germany,Hospital,13354207,#N/A,#N/A,,,,,,,,,,,,,,,,
,,,,,,,Kris LLC Pharm,Germany,Pharmacy,20255777,#N/A,#N/A,,,,,,,,,,,,,,,,
,,,,,,,"Prohaska, Bogisich and Gutkowski Pharm",Germany,Hospital,19023462,#N/A,#N/A,,,,,,,,,,,,,,,,
,,,,,,,Quigley-Heathcote Pharm,Germany,Hospital,21522816,#N/A,#N/A,,,,,,,,,,,,,,,,
,,,,,,,Barton Ltd Pharm,Germany,Pharmacy,26870627,#N/A,#N/A,,,,,,,,,,,,,,,,
,,,,,,,Mann-Waelchi Pharmacy,Germany,Hospital,18720448,#N/A,#N/A,,,,,,,,,,,,,,,,
,,,,,,,"Hammes, Bashirian and Pacocha",Germany,Pharmacy,13911219,#N/A,#N/A,,,,,,,,,,,,,,,,
,,,,,,,Medhurst-Beer Pharm,Germany,Pharmacy,28268206,#N/A,#N/A,,,,,,,,,,,,,,,,
,,,,,,,Rohan Inc Pharm,Germany,Hospital,19951746,#N/A,#N/A,,,,,,,,,,,,,,,,
,,,,,,,Gottlieb-Koss Pharm,Germany,Pharmacy,30339224,#N/A,#N/A,,,,,,,,,,,,,,,,
,,,,,,,Schimmel-Waelchi Pharma Plc,Germany,Pharmacy,17911176,#N/A,#N/A,,,,,,,,,,,,,,,,
,,,,,,,Pfeffer-Hodkiewicz,Germany,Hospital,16313574,#N/A,#N/A,,,,,,,,,,,,,,,,
,,,,,,,"Steuber, Hills and Botsford",Germany,Pharmacy,22559996,#N/A,#N/A,,,,,,,,,,,,,,,,
,,,,,,,Wolff Group Pharmaceutical Ltd,Germany,Hospital,14092909,#N/A,#N/A,,,,,,,,,,,,,,,,
,,,,,,,Feest-Roob Pharmaceutical Limited,Germany,Pharmacy,16699897,#N/A,#N/A,,,,,,,,,,,,,,,,
,,,,,,,"Armstrong, Medhurst and Bogisich Pharmaceutical Ltd",Germany,Hospital,20459841,#N/A,#N/A,,,,,,,,,,,,,,,,
,,,,,,,Schuppe Inc Pharm,Germany,Pharmacy,25768671,#N/A,#N/A,,,,,,,,,,,,,,,,
,,,,,,,"Barrows, Zboncak and Reichert Pharm",Germany,Pharmacy,34539524,#N/A,#N/A,,,,,,,,,,,,,,,,
,,,,,,,Kuhic LLC Pharmaceutical Limited,Germany,Pharmacy,11710500,#N/A,#N/A,,,,,,,,,,,,,,,,
,,,,,,,"Langworth, Olson and Satterfield Pharmacy",Germany,Hospital,31072449,#N/A,#N/A,,,,,,,,,,,,,,,,
,,,,,,,"Block, Thiel and Kuphal Pharm",Germany,Hospital,19367044,#N/A,#N/A,,,,,,,,,,,,,,,,
,,,,,,,Kutch-Marks Pharma Plc,Germany,Hospital,15513302,#N/A,#N/A,,,,,,,,,,,,,,,,
,,,,,,,Rutherford and Sons Pharm,Germany,Hospital,28046966,#N/A,#N/A,,,,,,,,,,,,,,,,
,,,,,,,"Harris, Daugherty and Okuneva Pharmaceutical Limited",Germany,Hospital,17697168,#N/A,#N/A,,,,,,,,,,,,,,,,
,,,,,,,Kunze PLC Pharma Plc,Germany,Hospital,13453584,#N/A,#N/A,,,,,,,,,,,,,,,,
,,,,,,,Fahey-Flatley,Germany,Hospital,14572760,#N/A,#N/A,,,,,,,,,,,,,,,,
,,,,,,,Konopelski-Blick,Germany,Hospital,12360135,#N/A,#N/A,,,,,,,,,,,,,,,,
,,,,,,,Steuber Ltd Pharm,Germany,Hospital,16006057,#N/A,#N/A,,,,,,,,,,,,,,,,
,,,,,,,"Armstrong, Medhurst and Bogisich Pharmacy",Germany,Hospital,12992274,#N/A,#N/A,,,,,,,,,,,,,,,,
,,,,,,,Mayert-Weber,Germany,Pharmacy,15742177,#N/A,#N/A,,,,,,,,,,,,,,,,
,,,,,,,Harris-Conroy Pharm,Germany,Pharmacy,23313821,#N/A,#N/A,,,,,,,,,,,,,,,,
,,,,,,,Koch-Osinski Pharmacy,Germany,Pharmacy,18643316,#N/A,#N/A,,,,,,,,,,,,,,,,
,,,,,,,Cassin PLC Pharma Plc,Germany,Pharmacy,26126485,#N/A,#N/A,,,,,,,,,,,,,,,,
,,,,,,,Emard-O'Connell Pharm,Germany,Pharmacy,19971681,#N/A,#N/A,,,,,,,,,,,,,,,,
,,,,,,,Rowe PLC Pharm,Germany,Pharmacy,21546337,#N/A,#N/A,,,,,,,,,,,,,,,,
,,,,,,,Purdy Ltd Pharm,Germany,Pharmacy,20906037,#N/A,#N/A,,,,,,,,,,,,,,,,
,,,,,,,Dach Ltd Pharm,Germany,Pharmacy,16935870,#N/A,#N/A,,,,,,,,,,,,,,,,
,,,,,,,Veum-Kerluke Pharma Plc,Germany,Pharmacy,15752854,#N/A,#N/A,,,,,,,,,,,,,,,,
,,,,,,,Harris-Conroy Pharmacy,Germany,Pharmacy,18059065,#N/A,#N/A,,,,,,,,,,,,,,,,
,,,,,,,VonRueden-Adams Pharmaceutical Limited,Germany,Pharmacy,14591022,#N/A,#N/A,,,,,,,,,,,,,,,,
,,,,,,,Stanton-Cole Pharmacy,Germany,Pharmacy,19043192,#N/A,#N/A,,,,,,,,,,,,,,,,
,,,,,,,Jakubowski Inc Pharmacy,Germany,Pharmacy,22199526,#N/A,#N/A,,,,,,,,,,,,,,,,
,,,,,,,Schaefer Group,Germany,Pharmacy,23902163,#N/A,#N/A,,,,,,,,,,,,,,,,
,,,,,,,Boyer and Sons,Germany,Pharmacy,17718374,#N/A,#N/A,,,,,,,,,,,,,,,,
,,,,,,,Jakubowski Inc Pharma Plc,Germany,Hospital,13945119,#N/A,#N/A,,,,,,,,,,,,,,,,
,,,,,,,Fadel-West Pharmaceutical Ltd,Germany,Pharmacy,36767294,#N/A,#N/A,,,,,,,,,,,,,,,,
,,,,,,,Goldner-Tillman Pharm,Germany,Hospital,37935553,#N/A,#N/A,,,,,,,,,,,,,,,,
,,,,,,,Will and Sons Pharmacy,Germany,Hospital,21770674,#N/A,#N/A,,,,,,,,,,,,,,,,
,,,,,,,Erdman PLC Pharma Plc,Germany,Hospital,15429328,#N/A,#N/A,,,,,,,,,,,,,,,,
,,,,,,,"Towne, Cummerata and Blanda Pharmaceutical Limited",Germany,Hospital,15651019,#N/A,#N/A,,,,,,,,,,,,,,,,
,,,,,,,"Kertzmann, Quitzon and Harris Pharmaceutical Limited",Germany,Pharmacy,14835040,#N/A,#N/A,,,,,,,,,,,,,,,,
,,,,,,,Raynor-Graham,Germany,Pharmacy,40464749,#N/A,#N/A,,,,,,,,,,,,,,,,
,,,,,,,"Kirlin, Hamill and Dickinson Pharma Plc",Germany,Pharmacy,13231664,#N/A,#N/A,,,,,,,,,,,,,,,,
,,,,,,,"Blick, Pacocha and Schowalter Pharmaceutical Limited",Germany,Hospital,12122039,#N/A,#N/A,,,,,,,,,,,,,,,,
,,,,,,,Lesch PLC Pharma Plc,Germany,Pharmacy,16539119,#N/A,#N/A,,,,,,,,,,,,,,,,
,,,,,,,Upton PLC Pharmaceutical Limited,Germany,Pharmacy,15827332,#N/A,#N/A,,,,,,,,,,,,,,,,
,,,,,,,Kohler-Bednar Pharmaceutical Ltd,Germany,Hospital,21231109,#N/A,#N/A,,,,,,,,,,,,,,,,
,,,,,,,Rowe PLC,Germany,Hospital,15353117,#N/A,#N/A,,,,,,,,,,,,,,,,
,,,,,,,Lockman-Welch Pharmaceutical Limited,Germany,Pharmacy,17335790,#N/A,#N/A,,,,,,,,,,,,,,,,
,,,,,,,West Group Pharm,Germany,Pharmacy,14837356,#N/A,#N/A,,,,,,,,,,,,,,,,
,,,,,,,"Daniel, Baumbach and Nitzsche",Germany,Hospital,23306130,#N/A,#N/A,,,,,,,,,,,,,,,,
,,,,,,,"Steuber, Skiles and Kilback Pharmaceutical Limited",Germany,Pharmacy,20126180,#N/A,#N/A,,,,,,,,,,,,,,,,
,,,,,,,Beier PLC Pharma Plc,Germany,Pharmacy,22310763,#N/A,#N/A,,,,,,,,,,,,,,,,
,,,,,,,"Paucek, Keeling and Bruen Pharmaceutical Limited",Germany,Pharmacy,16291044,#N/A,#N/A,,,,,,,,,,,,,,,,
,,,,,,,Kling Inc Pharm,Germany,Pharmacy,13323467,#N/A,#N/A,,,,,,,,,,,,,,,,
,,,,,,,Heller-Abernathy Pharma Plc,Germany,Pharmacy,17794218,#N/A,#N/A,,,,,,,,,,,,,,,,
,,,,,,,Koch-Osinski Pharmaceutical Ltd,Germany,Hospital,13539952,#N/A,#N/A,,,,,,,,,,,,,,,,
,,,,,,,Predovic LLC Pharmaceutical Ltd,Germany,Pharmacy,18361211,#N/A,#N/A,,,,,,,,,,,,,,,,
,,,,,,,Lockman Ltd Pharm,Germany,Pharmacy,14684247,#N/A,#N/A,,,,,,,,,,,,,,,,
,,,,,,,Fadel-West Pharmacy,Germany,Hospital,40355816,#N/A,#N/A,,,,,,,,,,,,,,,,
,,,,,,,"Parisian, Hagenes and Skiles Pharm",Germany,Hospital,21430428,#N/A,#N/A,,,,,,,,,,,,,,,,
,,,,,,,"Kuphal, D'Amore and Bode Pharm",Germany,Hospital,28307927,#N/A,#N/A,,,,,,,,,,,,,,,,
,,,,,,,Osinski-Botsford Pharmacy,Germany,Hospital,16144534,#N/A,#N/A,,,,,,,,,,,,,,,,
,,,,,,,"Bernier, Murphy and Rau Pharma Plc",Germany,Hospital,14620034,#N/A,#N/A,,,,,,,,,,,,,,,,
,,,,,,,White Inc Pharmacy,Germany,Hospital,14110472,#N/A,#N/A,,,,,,,,,,,,,,,,
,,,,,,,Hill Ltd Pharmaceutical Limited,Germany,Hospital,15510941,#N/A,#N/A,,,,,,,,,,,,,,,,
,,,,,,,Bashirian-Kassulke Pharmacy,Germany,Hospital,20508727,#N/A,#N/A,,,,,,,,,,,,,,,,
,,,,,,,Zemlak-Witting,Germany,Pharmacy,56006680,#N/A,#N/A,,,,,,,,,,,,,,,,
,,,,,,,West Group Pharma Plc,Germany,Pharmacy,13001329,#N/A,#N/A,,,,,,,,,,,,,,,,
,,,,,,,Powlowski-Buckridge,Germany,Hospital,21966431,#N/A,#N/A,,,,,,,,,,,,,,,,
,,,,,,,"Johns, Mueller and Nitzsche Pharma Plc",Germany,Pharmacy,17268947,#N/A,#N/A,,,,,,,,,,,,,,,,
,,,,,,,Keeling LLC Pharmaceutical Limited,Germany,Hospital,26532373,#N/A,#N/A,,,,,,,,,,,,,,,,
,,,,,,,Okuneva-Corkery Pharm,Germany,Hospital,21323000,#N/A,#N/A,,,,,,,,,,,,,,,,
,,,,,,,Rosenbaum-Tromp Pharm,Germany,Hospital,14675189,#N/A,#N/A,,,,,,,,,,,,,,,,
,,,,,,,McDermott Group Pharmaceutical Ltd,Germany,Pharmacy,18297390,#N/A,#N/A,,,,,,,,,,,,,,,,
,,,,,,,Roob PLC Pharm,Germany,Hospital,20926781,#N/A,#N/A,,,,,,,,,,,,,,,,
,,,,,,,Doyle-Tillman Pharm,Germany,Hospital,17738035,#N/A,#N/A,,,,,,,,,,,,,,,,
,,,,,,,Rohan Inc Pharmaceutical Limited,Germany,Pharmacy,22613614,#N/A,#N/A,,,,,,,,,,,,,,,,
,,,,,,,Graham and Sons Pharma Plc,Germany,Pharmacy,18293117,#N/A,#N/A,,,,,,,,,,,,,,,,
,,,,,,,"Beer, Kohler and Beatty Pharmacy",Germany,Pharmacy,20164440,#N/A,#N/A,,,,,,,,,,,,,,,,
,,,,,,,Runolfsson-Powlowski Pharmaceutical Limited,Germany,Pharmacy,14949597,#N/A,#N/A,,,,,,,,,,,,,,,,
,,,,,,,Kris LLC Pharmaceutical Ltd,Germany,Hospital,15762953,#N/A,#N/A,,,,,,,,,,,,,,,,
,,,,,,,Miller-Satterfield Pharm,Germany,Pharmacy,16786054,#N/A,#N/A,,,,,,,,,,,,,,,,
,,,,,,,"Wintheiser, Breitenberg and Gottlieb",Germany,Hospital,16754942,#N/A,#N/A,,,,,,,,,,,,,,,,
,,,,,,,"Hills, Stroman and Ernser Pharmaceutical Ltd",Germany,Pharmacy,15004858,#N/A,#N/A,,,,,,,,,,,,,,,,
,,,,,,,Runte-Marquardt Pharmacy,Germany,Pharmacy,21319134,#N/A,#N/A,,,,,,,,,,,,,,,,
,,,,,,,Koss-Beier Pharmacy,Germany,Hospital,22042100,#N/A,#N/A,,,,,,,,,,,,,,,,
,,,,,,,Fahey-Prosacco Pharmaceutical Limited,Germany,Pharmacy,24011986,#N/A,#N/A,,,,,,,,,,,,,,,,
,,,,,,,Rogahn-Klein Pharm,Germany,Hospital,13172559,#N/A,#N/A,,,,,,,,,,,,,,,,
,,,,,,,"Denesik, Walter and Beatty",Germany,Pharmacy,12650974,#N/A,#N/A,,,,,,,,,,,,,,,,
,,,,,,,Barton Ltd Pharmaceutical Limited,Germany,Pharmacy,19688697,#N/A,#N/A,,,,,,,,,,,,,,,,
,,,,,,,Hoeger Ltd Pharm,Germany,Pharmacy,30914624,#N/A,#N/A,,,,,,,,,,,,,,,,
,,,,,,,"Watsica, Larson and Labadie Pharma Plc",Germany,Hospital,17505127,#N/A,#N/A,,,,,,,,,,,,,,,,
,,,,,,,Schaden-Hirthe,Germany,Pharmacy,12523819,#N/A,#N/A,,,,,,,,,,,,,,,,
,,,,,,,Moore PLC Pharm,Germany,Hospital,11821594,#N/A,#N/A,,,,,,,,,,,,,,,,
,,,,,,,"Pfannerstill, Upton and Balistreri Pharm",Germany,Pharmacy,12344160,#N/A,#N/A,,,,,,,,,,,,,,,,
,,,,,,,"Wunsch, Mills and Walter Pharmaceutical Limited",Germany,Pharmacy,23000519,#N/A,#N/A,,,,,,,,,,,,,,,,
,,,,,,,Botsford PLC Pharmacy,Poland,Pharmacy,3338687,#N/A,#N/A,,,,,,,,,,,,,,,,
,,,,,,,Spencer-Jerde Pharmacy,Poland,Pharmacy,3830684,#N/A,#N/A,,,,,,,,,,,,,,,,
,,,,,,,"Bernier, Murphy and Rau Pharmaceutical Ltd",Poland,Pharmacy,4338922,#N/A,#N/A,,,,,,,,,,,,,,,,
,,,,,,,"Gerhold, Mills and Effertz Pharm",Poland,Pharmacy,3138581,#N/A,#N/A,,,,,,,,,,,,,,,,
,,,,,,,"Denesik, Walter and Beatty Pharma Plc",Poland,Pharmacy,3484514,#N/A,#N/A,,,,,,,,,,,,,,,,
,,,,,,,"Bogan, Jacobs and Kris Pharmacy",Poland,Pharmacy,2456080,#N/A,#N/A,,,,,,,,,,,,,,,,
,,,,,,,Hermiston LLC,Poland,Pharmacy,3507057,#N/A,#N/A,,,,,,,,,,,,,,,,
,,,,,,,Crona Group Pharma Plc,Poland,Pharmacy,3129089,#N/A,#N/A,,,,,,,,,,,,,,,,
,,,,,,,Kertzmann-Ward Pharma Plc,Poland,Pharmacy,3495786,#N/A,#N/A,,,,,,,,,,,,,,,,
,,,,,,,Osinski-Collins Pharmaceutical Ltd,Poland,Pharmacy,3884235,#N/A,#N/A,,,,,,,,,,,,,,,,
,,,,,,,Kling Inc Pharmaceutical Ltd,Poland,Pharmacy,4017753,#N/A,#N/A,,,,,,,,,,,,,,,,
,,,,,,,"Buckridge, Hand and Hyatt Pharma Plc",Poland,Pharmacy,4539521,#N/A,#N/A,,,,,,,,,,,,,,,,
,,,,,,,Raynor-Graham Pharmaceutical Limited,Poland,Pharmacy,2624693,#N/A,#N/A,,,,,,,,,,,,,,,,
,,,,,,,Botsford and Sons Pharmaceutical Ltd,Poland,Pharmacy,4444486,#N/A,#N/A,,,,,,,,,,,,,,,,
,,,,,,,"Beahan, Littel and Ondricka Pharmacy",Poland,Pharmacy,2399758,#N/A,#N/A,,,,,,,,,,,,,,,,
,,,,,,,"Wunsch, Mills and Walter",Poland,Pharmacy,2757470,#N/A,#N/A,,,,,,,,,,,,,,,,
,,,,,,,Rohan Inc,Poland,Pharmacy,3926971,#N/A,#N/A,,,,,,,,,,,,,,,,
,,,,,,,Roob PLC,Poland,Pharmacy,4390668,#N/A,#N/A,,,,,,,,,,,,,,,,
,,,,,,,Prohaska-Kuhic Pharmacy,Poland,Pharmacy,3101884,#N/A,#N/A,,,,,,,,,,,,,,,,
,,,,,,,Hermiston and Sons Pharma Plc,Poland,Pharmacy,2715991,#N/A,#N/A,,,,,,,,,,,,,,,,
,,,,,,,Parisian Ltd Pharm,Poland,Pharmacy,3381766,#N/A,#N/A,,,,,,,,,,,,,,,,
,,,,,,,"Sanford, Franecki and Greenholt",Poland,Pharmacy,3070886,#N/A,#N/A,,,,,,,,,,,,,,,,
,,,,,,,"Paucek, Keeling and Bruen Pharm",Poland,Pharmacy,2835262,#N/A,#N/A,,,,,,,,,,,,,,,,
,,,,,,,Fadel-West,Poland,Pharmacy,3189603,#N/A,#N/A,,,,,,,,,,,,,,,,
,,,,,,,"Leuschke, Waters and Schowalter Pharmaceutical Ltd",Poland,Pharmacy,4129060,#N/A,#N/A,,,,,,,,,,,,,,,,
,,,,,,,Streich PLC Pharmaceutical Limited,Poland,Pharmacy,5287741,#N/A,#N/A,,,,,,,,,,,,,,,,
,,,,,,,Vandervort LLC Pharma Plc,Poland,Pharmacy,4184133,#N/A,#N/A,,,,,,,,,,,,,,,,
,,,,,,,"Heathcote, Grant and Witting Pharm",Poland,Pharmacy,3030441,#N/A,#N/A,,,,,,,,,,,,,,,,
,,,,,,,Mante-Grady Pharm,Poland,Pharmacy,3553977,#N/A,#N/A,,,,,,,,,,,,,,,,
,,,,,,,Balistreri Group Pharmaceutical Ltd,Poland,Pharmacy,4643931,#N/A,#N/A,,,,,,,,,,,,,,,,
,,,,,,,Feest-Kshlerin Pharmaceutical Ltd,Poland,Pharmacy,5283949,#N/A,#N/A,,,,,,,,,,,,,,,,
,,,,,,,Schaden-Hirthe Pharmaceutical Ltd,Poland,Pharmacy,3352381,#N/A,#N/A,,,,,,,,,,,,,,,,
,,,,,,,Zemlak-Witting Pharmacy,Poland,Pharmacy,3125023,#N/A,#N/A,,,,,,,,,,,,,,,,
,,,,,,,Erdman PLC Pharmacy,Poland,Pharmacy,3183228,#N/A,#N/A,,,,,,,,,,,,,,,,
,,,,,,,Rowe PLC Pharmaceutical Ltd,Poland,Pharmacy,2271736,#N/A,#N/A,,,,,,,,,,,,,,,,
,,,,,,,"Lebsack, Yost and Heller Pharmaceutical Limited",Poland,Pharmacy,3206856,#N/A,#N/A,,,,,,,,,,,,,,,,
,,,,,,,Ward Group Pharmaceutical Limited,Poland,Pharmacy,4787357,#N/A,#N/A,,,,,,,,,,,,,,,,
,,,,,,,Lockman Ltd,Poland,Pharmacy,2957683,#N/A,#N/A,,,,,,,,,,,,,,,,
,,,,,,,Medhurst-Beer Pharmaceutical Limited,Poland,Pharmacy,3694840,#N/A,#N/A,,,,,,,,,,,,,,,,
,,,,,,,"Spinka, Schowalter and Conn Pharmaceutical Limited",Poland,Pharmacy,3752993,#N/A,#N/A,,,,,,,,,,,,,,,,
,,,,,,,"Brakus, Rempel and Harber Pharma Plc",Poland,Pharmacy,1780951,#N/A,#N/A,,,,,,,,,,,,,,,,
,,,,,,,Walter Ltd,Poland,Pharmacy,2232664,#N/A,#N/A,,,,,,,,,,,,,,,,
,,,,,,,"Ondricka, Rosenbaum and Beahan",Poland,Hospital,4642387,#N/A,#N/A,,,,,,,,,,,,,,,,
,,,,,,,"Hirthe, Williamson and Macejkovic Pharma Plc",Poland,Hospital,2735314,#N/A,#N/A,,,,,,,,,,,,,,,,
,,,,,,,Lockman-Welch Pharm,Poland,Hospital,2837300,#N/A,#N/A,,,,,,,,,,,,,,,,
,,,,,,,Abernathy Group Pharmaceutical Limited,Poland,Hospital,2079222,#N/A,#N/A,,,,,,,,,,,,,,,,
,,,,,,,Purdy Ltd Pharmaceutical Limited,Poland,Hospital,5462556,#N/A,#N/A,,,,,,,,,,,,,,,,
,,,,,,,Daugherty-Rempel Pharma Plc,Poland,Hospital,4546602,#N/A,#N/A,,,,,,,,,,,,,,,,
,,,,,,,"Cormier, Dietrich and Zulauf Pharma Plc",Poland,Hospital,4507086,#N/A,#N/A,,,,,,,,,,,,,,,,
,,,,,,,"Kshlerin, Ryan and Leuschke Pharma Plc",Poland,Hospital,3293958,#N/A,#N/A,,,,,,,,,,,,,,,,
,,,,,,,Stehr-Champlin Pharmaceutical Limited,Poland,Hospital,2413607,#N/A,#N/A,,,,,,,,,,,,,,,,
,,,,,,,"Effertz, Heaney and Tillman Pharmaceutical Ltd",Poland,Hospital,3432986,#N/A,#N/A,,,,,,,,,,,,,,,,
,,,,,,,"Johnson, Friesen and Torphy Pharma Plc",Poland,Hospital,3226534,#N/A,#N/A,,,,,,,,,,,,,,,,
,,,,,,,"Nolan, DuBuque and Schultz Pharm",Poland,Hospital,3343612,#N/A,#N/A,,,,,,,,,,,,,,,,
,,,,,,,Torp-Fisher Pharma Plc,Poland,Hospital,4160580,#N/A,#N/A,,,,,,,,,,,,,,,,
,,,,,,,"Herman, Rice and Rippin",Poland,Hospital,2270513,#N/A,#N/A,,,,,,,,,,,,,,,,
,,,,,,,"Funk, Ratke and Heaney Pharmacy",Poland,Hospital,3897042,#N/A,#N/A,,,,,,,,,,,,,,,,
,,,,,,,Hartmann-Wolf,Poland,Hospital,2101036,#N/A,#N/A,,,,,,,,,,,,,,,,
,,,,,,,"Upton, Abernathy and Goodwin Pharmaceutical Ltd",Poland,Hospital,2971636,#N/A,#N/A,,,,,,,,,,,,,,,,
,,,,,,,Koch-Osinski Pharm,Poland,Hospital,2336644,#N/A,#N/A,,,,,,,,,,,,,,,,
,,,,,,,Senger-Kirlin Pharmacy,Poland,Hospital,2918224,#N/A,#N/A,,,,,,,,,,,,,,,,
,,,,,,,Fritsch-Hauck Pharma Plc,Poland,Hospital,2973355,#N/A,#N/A,,,,,,,,,,,,,,,,
,,,,,,,Schaefer Group Pharmaceutical Limited,Poland,Hospital,2989447,#N/A,#N/A,,,,,,,,,,,,,,,,
,,,,,,,Kozey Ltd Pharmaceutical Ltd,Poland,Hospital,3927833,#N/A,#N/A,,,,,,,,,,,,,,,,
,,,,,,,Funk PLC Pharmaceutical Limited,Poland,Hospital,4191722,#N/A,#N/A,,,,,,,,,,,,,,,,
,,,,,,,Ondricka Ltd Pharmacy,Poland,Hospital,4578864,#N/A,#N/A,,,,,,,,,,,,,,,,
,,,,,,,Bartoletti-Altenwerth,Poland,Hospital,1993484,#N/A,#N/A,,,,,,,,,,,,,,,,
,,,,,,,Waelchi LLC Pharmacy,Poland,Hospital,3168766,#N/A,#N/A,,,,,,,,,,,,,,,,
,,,,,,,Gerlach LLC,Poland,Hospital,3319091,#N/A,#N/A,,,,,,,,,,,,,,,,
,,,,,,,Boyer and Sons Pharmaceutical Limited,Poland,Hospital,6574331,#N/A,#N/A,,,,,,,,,,,,,,,,
,,,,,,,Monahan Ltd,Poland,Hospital,2596736,#N/A,#N/A,,,,,,,,,,,,,,,,
,,,,,,,Okuneva-Corkery,Poland,Hospital,2095542,#N/A,#N/A,,,,,,,,,,,,,,,,
,,,,,,,Schimmel-Waelchi Pharmaceutical Ltd,Poland,Hospital,2377130,#N/A,#N/A,,,,,,,,,,,,,,,,
,,,,,,,Wolff Group Pharm,Poland,Hospital,2712648,#N/A,#N/A,,,,,,,,,,,,,,,,
,,,,,,,"Roob, Ernser and Kub Pharmaceutical Limited",Poland,Hospital,4206718,#N/A,#N/A,,,,,,,,,,,,,,,,
,,,,,,,"Schinner, Gaylord and Treutel Pharmaceutical Ltd",Poland,Hospital,2690295,#N/A,#N/A,,,,,,,,,,,,,,,,
,,,,,,,Will and Sons Pharmaceutical Limited,Poland,Hospital,3773857,#N/A,#N/A,,,,,,,,,,,,,,,,
,,,,,,,West Group Pharmacy,Poland,Hospital,2260025,#N/A,#N/A,,,,,,,,,,,,,,,,
,,,,,,,Schaefer LLC Pharmacy,Poland,Hospital,2620098,#N/A,#N/A,,,,,,,,,,,,,,,,
,,,,,,,Pfeffer-Hodkiewicz Pharmaceutical Ltd,Poland,Hospital,1679772,#N/A,#N/A,,,,,,,,,,,,,,,,
,,,,,,,"Kertzmann, Quitzon and Harris Pharma Plc",Poland,Hospital,2819581,#N/A,#N/A,,,,,,,,,,,,,,,,
,,,,,,,Buckridge-Strosin Pharmaceutical Limited,Poland,Hospital,2717132,#N/A,#N/A,,,,,,,,,,,,,,,,
,,,,,,,Lindgren-Simonis Pharm,Poland,Pharmacy,4571771,#N/A,#N/A,,,,,,,,,,,,,,,,
,,,,,,,Veum-Kerluke Pharmacy,Poland,Pharmacy,2832805,#N/A,#N/A,,,,,,,,,,,,,,,,
,,,,,,,Koss-Beier,Poland,Pharmacy,3560602,#N/A,#N/A,,,,,,,,,,,,,,,,
,,,,,,,Rutherford and Sons,Poland,Pharmacy,4480098,#N/A,#N/A,,,,,,,,,,,,,,,,
,,,,,,,Balistreri-Watsica Pharmacy,Poland,Pharmacy,6114088,#N/A,#N/A,,,,,,,,,,,,,,,,
,,,,,,,Welch-Langworth,Poland,Pharmacy,2674619,#N/A,#N/A,,,,,,,,,,,,,,,,
,,,,,,,Nader-Borer Pharma Plc,Poland,Pharmacy,5079190,#N/A,#N/A,,,,,,,,,,,,,,,,
,,,,,,,Kuhic LLC Pharma Plc,Poland,Pharmacy,2423879,#N/A,#N/A,,,,,,,,,,,,,,,,
,,,,,,,Nader-Gaylord Pharmaceutical Ltd,Poland,Pharmacy,6200373,#N/A,#N/A,,,,,,,,,,,,,,,,
,,,,,,,Schmitt LLC Pharm,Poland,Pharmacy,3341084,#N/A,#N/A,,,,,,,,,,,,,,,,
,,,,,,,Romaguera-Fay Pharmaceutical Limited,Poland,Pharmacy,3329758,#N/A,#N/A,,,,,,,,,,,,,,,,
,,,,,,,Reilly Ltd,Poland,Pharmacy,3627565,#N/A,#N/A,,,,,,,,,,,,,,,,
,,,,,,,"Kilback, Beer and Batz Pharma Plc",Poland,Pharmacy,5009905,#N/A,#N/A,,,,,,,,,,,,,,,,
,,,,,,,"Schowalter, Runolfsson and VonRueden Pharmaceutical Ltd",Poland,Pharmacy,4480859,#N/A,#N/A,,,,,,,,,,,,,,,,
,,,,,,,Will and Sons Pharma Plc,Poland,Pharmacy,2547983,#N/A,#N/A,,,,,,,,,,,,,,,,
,,,,,,,"Steuber, Skiles and Kilback Pharma Plc",Poland,Pharmacy,4182127,#N/A,#N/A,,,,,,,,,,,,,,,,
,,,,,,,Trantow LLC Pharma Plc,Poland,Pharmacy,3768587,#N/A,#N/A,,,,,,,,,,,,,,,,
,,,,,,,"Kuphal, D'Amore and Bode Pharmaceutical Ltd",Poland,Pharmacy,3400026,#N/A,#N/A,,,,,,,,,,,,,,,,
,,,,,,,Funk and Sons Pharmaceutical Limited,Poland,Pharmacy,3182287,#N/A,#N/A,,,,,,,,,,,,,,,,
,,,,,,,Leuschke PLC Pharmacy,Poland,Pharmacy,5137740,#N/A,#N/A,,,,,,,,,,,,,,,,
,,,,,,,"Greenholt, Donnelly and O'Reilly Pharmaceutical Limited",Poland,Pharmacy,2195889,#N/A,#N/A,,,,,,,,,,,,,,,,
,,,,,,,"Crist, Wisoky and Nolan Pharmaceutical Ltd",Poland,Pharmacy,4637033,#N/A,#N/A,,,,,,,,,,,,,,,,
,,,,,,,"Hansen, Fadel and Schroeder Pharm",Poland,Pharmacy,2225392,#N/A,#N/A,,,,,,,,,,,,,,,,
,,,,,,,Lesch PLC Pharmaceutical Ltd,Poland,Pharmacy,3107873,#N/A,#N/A,,,,,,,,,,,,,,,,
,,,,,,,Jast-Cruickshank Pharma Plc,Poland,Pharmacy,3665136,#N/A,#N/A,,,,,,,,,,,,,,,,
,,,,,,,Sauer and Sons Pharmaceutical Limited,Poland,Pharmacy,2973298,#N/A,#N/A,,,,,,,,,,,,,,,,
,,,,,,,"Harris, Daugherty and Okuneva Pharma Plc",Poland,Pharmacy,1948473,#N/A,#N/A,,,,,,,,,,,,,,,,
,,,,,,,Leannon-West Pharmacy,Poland,Pharmacy,2559759,#N/A,#N/A,,,,,,,,,,,,,,,,
,,,,,,,Jakubowski Inc Pharmaceutical Limited,Poland,Pharmacy,4784385,#N/A,#N/A,,,,,,,,,,,,,,,,
,,,,,,,Keeling LLC Pharmacy,Poland,Pharmacy,4530078,#N/A,#N/A,,,,,,,,,,,,,,,,
,,,,,,,Walsh-Brown Pharmacy,Poland,Pharmacy,4516298,#N/A,#N/A,,,,,,,,,,,,,,,,
,,,,,,,"Wintheiser, Breitenberg and Gottlieb Pharmaceutical Limited",Poland,Pharmacy,4176930,#N/A,#N/A,,,,,,,,,,,,,,,,
,,,,,,,Mraz-Kutch Pharm,Poland,Pharmacy,2262808,#N/A,#N/A,,,,,,,,,,,,,,,,
,,,,,,,Ritchie-Rodriguez Pharm,Poland,Pharmacy,4467582,#N/A,#N/A,,,,,,,,,,,,,,,,
,,,,,,,"Parisian, Hagenes and Skiles Pharma Plc",Poland,Pharmacy,2946576,#N/A,#N/A,,,,,,,,,,,,,,,,
,,,,,,,Pfannerstill Group Pharmaceutical Ltd,Poland,Pharmacy,2627854,#N/A,#N/A,,,,,,,,,,,,,,,,
,,,,,,,Hayes-Kilback Pharmaceutical Ltd,Poland,Pharmacy,3964929,#N/A,#N/A,,,,,,,,,,,,,,,,
,,,,,,,Denesik-Hintz Pharm,Poland,Pharmacy,2392035,#N/A,#N/A,,,,,,,,,,,,,,,,
,,,,,,,"Beer, Kohler and Beatty Pharmaceutical Ltd",Poland,Pharmacy,2959937,#N/A,#N/A,,,,,,,,,,,,,,,,
,,,,,,,"Erdman, Senger and Oberbrunner Pharm",Poland,Pharmacy,4230846,#N/A,#N/A,,,,,,,,,,,,,,,,
,,,,,,,Feest PLC,Poland,Pharmacy,2021466,#N/A,#N/A,,,,,,,,,,,,,,,,
,,,,,,,"Blick, Pacocha and Schowalter",Poland,Pharmacy,4866124,#N/A,#N/A,,,,,,,,,,,,,,,,
,,,,,,,"Moen, Murazik and Smith",Poland,Pharmacy,4581024,#N/A,#N/A,,,,,,,,,,,,,,,,
,,,,,,,"McClure, Zemlak and Dibbert Pharma Plc",Poland,Pharmacy,3536029,#N/A,#N/A,,,,,,,,,,,,,,,,
,,,,,,,Haley PLC Pharmaceutical Limited,Poland,Pharmacy,3083122,#N/A,#N/A,,,,,,,,,,,,,,,,
,,,,,,,Hill Ltd,Poland,Pharmacy,3483214,#N/A,#N/A,,,,,,,,,,,,,,,,
,,,,,,,"Romaguera, Moen and Hagenes Pharmaceutical Limited",Poland,Hospital,3111337,#N/A,#N/A,,,,,,,,,,,,,,,,
,,,,,,,Welch-Orn,Poland,Hospital,4375067,#N/A,#N/A,,,,,,,,,,,,,,,,
,,,,,,,Koss Ltd Pharmaceutical Limited,Poland,Hospital,6361234,#N/A,#N/A,,,,,,,,,,,,,,,,
,,,,,,,"Gleichner, Bahringer and Morar Pharma Plc",Poland,Hospital,3312361,#N/A,#N/A,,,,,,,,,,,,,,,,
,,,,,,,Block-Romaguera Pharmaceutical Limited,Poland,Hospital,3611190,#N/A,#N/A,,,,,,,,,,,,,,,,
,,,,,,,Barton Ltd Pharma Plc,Poland,Hospital,2789921,#N/A,#N/A,,,,,,,,,,,,,,,,
,,,,,,,Runte-Marquardt Pharmaceutical Ltd,Poland,Hospital,3158566,#N/A,#N/A,,,,,,,,,,,,,,,,
,,,,,,,Schaefer-Rolfson,Poland,Hospital,2631811,#N/A,#N/A,,,,,,,,,,,,,,,,
,,,,,,,"Zieme, Doyle and Kunze",Poland,Hospital,2726368,#N/A,#N/A,,,,,,,,,,,,,,,,
,,,,,,,Gibson-Hill Pharma Plc,Poland,Hospital,3867089,#N/A,#N/A,,,,,,,,,,,,,,,,
,,,,,,,Bashirian-Kassulke Pharma Plc,Poland,Hospital,1997481,#N/A,#N/A,,,,,,,,,,,,,,,,
,,,,,,,Barrows Inc,Poland,Hospital,3190339,#N/A,#N/A,,,,,,,,,,,,,,,,
,,,,,,,Schulist-Zulauf Pharm,Poland,Hospital,2726406,#N/A,#N/A,,,,,,,,,,,,,,,,
,,,,,,,Graham and Sons Pharmacy,Poland,Hospital,2682005,#N/A,#N/A,,,,,,,,,,,,,,,,
,,,,,,,Crist Inc,Poland,Hospital,5137959,#N/A,#N/A,,,,,,,,,,,,,,,,
,,,,,,,Kutch-Marks Pharm,Poland,Hospital,3231751,#N/A,#N/A,,,,,,,,,,,,,,,,
,,,,,,,"Nitzsche, Effertz and Maggio Pharmacy",Poland,Hospital,5223760,#N/A,#N/A,,,,,,,,,,,,,,,,
,,,,,,,"Buckridge, Dach and Carroll Pharmaceutical Limited",Poland,Hospital,2606825,#N/A,#N/A,,,,,,,,,,,,,,,,
,,,,,,,Mann-Waelchi Pharm,Poland,Hospital,2728045,#N/A,#N/A,,,,,,,,,,,,,,,,
,,,,,,,Gottlieb-Cruickshank Pharma Plc,Poland,Hospital,2848546,#N/A,#N/A,,,,,,,,,,,,,,,,
,,,,,,,Kreiger Inc Pharma Plc,Poland,Hospital,7063000,#N/A,#N/A,,,,,,,,,,,,,,,,
,,,,,,,Bosco-Marquardt Pharm,Poland,Hospital,3124277,#N/A,#N/A,,,,,,,,,,,,,,,,
,,,,,,,Carter-Conn Pharma Plc,Poland,Hospital,6825490,#N/A,#N/A,,,,,,,,,,,,,,,,
,,,,,,,Herman-Koss Pharm,Poland,Hospital,3426586,#N/A,#N/A,,,,,,,,,,,,,,,,
,,,,,,,Rogahn-Klein Pharmacy,Poland,Hospital,2311818,#N/A,#N/A,,,,,,,,,,,,,,,,
,,,,,,,Bayer LLC Pharmaceutical Ltd,Poland,Hospital,2324731,#N/A,#N/A,,,,,,,,,,,,,,,,
,,,,,,,D'Amore and Sons,Poland,Hospital,2652079,#N/A,#N/A,,,,,,,,,,,,,,,,
,,,,,,,Doyle-Tillman Pharmaceutical Ltd,Poland,Hospital,7158142,#N/A,#N/A,,,,,,,,,,,,,,,,
,,,,,,,"Schmitt, Berge and Haley Pharma Plc",Poland,Hospital,2384835,#N/A,#N/A,,,,,,,,,,,,,,,,
,,,,,,,Breitenberg-Kuhn Pharmacy,Poland,Hospital,3648594,#N/A,#N/A,,,,,,,,,,,,,,,,
,,,,,,,Crona PLC Pharma Plc,Poland,Hospital,2047523,#N/A,#N/A,,,,,,,,,,,,,,,,
,,,,,,,Kozey-Schroeder,Poland,Hospital,2692556,#N/A,#N/A,,,,,,,,,,,,,,,,
,,,,,,,"Balistreri, Torp and Gulgowski Pharmacy",Poland,Hospital,2792805,#N/A,#N/A,,,,,,,,,,,,,,,,
,,,,,,,Zemlak Group Pharmaceutical Limited,Poland,Hospital,2228898,#N/A,#N/A,,,,,,,,,,,,,,,,
,,,,,,,Leffler-Russel Pharm,Poland,Hospital,2379629,#N/A,#N/A,,,,,,,,,,,,,,,,
,,,,,,,Mraz Group Pharmacy,Poland,Hospital,3907690,#N/A,#N/A,,,,,,,,,,,,,,,,
,,,,,,,Lesch PLC Pharmacy,Poland,Hospital,3230884,#N/A,#N/A,,,,,,,,,,,,,,,,
,,,,,,,Miller-Satterfield Pharma Plc,Poland,Hospital,3091263,#N/A,#N/A,,,,,,,,,,,,,,,,
,,,,,,,Kunze PLC Pharm,Poland,Hospital,3501226,#N/A,#N/A,,,,,,,,,,,,,,,,
,,,,,,,Lemke Ltd Pharm,Poland,Hospital,2345679,#N/A,#N/A,,,,,,,,,,,,,,,,
,,,,,,,"Hahn, Rutherford and Gislason Pharmaceutical Limited",Poland,Hospital,2348617,#N/A,#N/A,,,,,,,,,,,,,,,,
,,,,,,,"Runolfsson, Swaniawski and Jaskolski Pharmacy",Poland,Hospital,3043450,#N/A,#N/A,,,,,,,,,,,,,,,,
,,,,,,,Beier PLC Pharmacy,Poland,Hospital,3264824,#N/A,#N/A,,,,,,,,,,,,,,,,
,,,,,,,Steuber Ltd Pharmacy,Poland,Hospital,2676869,#N/A,#N/A,,,,,,,,,,,,,,,,
,,,,,,,"Grimes, Jacobs and Durgan Pharm",Poland,Hospital,2243375,#N/A,#N/A,,,,,,,,,,,,,,,,
,,,,,,,Stanton-Cole,Poland,Hospital,3577304,#N/A,#N/A,,,,,,,,,,,,,,,,
,,,,,,,Mills Inc Pharma Plc,Poland,Hospital,4170514,#N/A,#N/A,,,,,,,,,,,,,,,,
,,,,,,,Nader-Gaylord Pharmaceutical Limited,Poland,Hospital,3707047,#N/A,#N/A,,,,,,,,,,,,,,,,
,,,,,,,Powlowski-Buckridge Pharma Plc,Poland,Hospital,4039277,#N/A,#N/A,,,,,,,,,,,,,,,,
,,,,,,,"Wiegand, Jast and Yost Pharma Plc",Poland,Hospital,1796446,#N/A,#N/A,,,,,,,,,,,,,,,,
,,,,,,,Yundt-Crona Pharmaceutical Ltd,Poland,Hospital,2667767,#N/A,#N/A,,,,,,,,,,,,,,,,
,,,,,,,Heller-Abernathy,Poland,Hospital,4394462,#N/A,#N/A,,,,,,,,,,,,,,,,
,,,,,,,"Rosenbaum, Klein and Herzog",Poland,Hospital,2864547,#N/A,#N/A,,,,,,,,,,,,,,,,
,,,,,,,Buckridge-Davis,Poland,Hospital,2894720,#N/A,#N/A,,,,,,,,,,,,,,,,
,,,,,,,"Kub, Von and Herzog Pharmacy",Poland,Hospital,3602060,#N/A,#N/A,,,,,,,,,,,,,,,,
,,,,,,,Marquardt-Ryan Pharmaceutical Ltd,Poland,Hospital,3454170,#N/A,#N/A,,,,,,,,,,,,,,,,
,,,,,,,"Hills, Stroman and Ernser Pharm",Poland,Hospital,2448488,#N/A,#N/A,,,,,,,,,,,,,,,,
,,,,,,,Cassin PLC Pharmacy,Poland,Hospital,3055438,#N/A,#N/A,,,,,,,,,,,,,,,,
,,,,,,,"Koch, Borer and Hagenes",Poland,Hospital,2787706,#N/A,#N/A,,,,,,,,,,,,,,,,
,,,,,,,Feest-Roob Pharmaceutical Ltd,Poland,Pharmacy,2705799,#N/A,#N/A,,,,,,,,,,,,,,,,
,,,,,,,"Towne, Cummerata and Blanda Pharm",Poland,Hospital,4477560,#N/A,#N/A,,,,,,,,,,,,,,,,
,,,,,,,"Reynolds, Jast and Mante Pharma Plc",Poland,Pharmacy,2595109,#N/A,#N/A,,,,,,,,,,,,,,,,
,,,,,,,Heidenreich Group Pharmaceutical Ltd,Poland,Pharmacy,3849892,#N/A,#N/A,,,,,,,,,,,,,,,,
,,,,,,,Rohan PLC Pharmaceutical Limited,Poland,Pharmacy,2521239,#N/A,#N/A,,,,,,,,,,,,,,,,
,,,,,,,"Haag, Bradtke and Terry Pharmacy",Poland,Hospital,2105639,#N/A,#N/A,,,,,,,,,,,,,,,,
,,,,,,,"McClure, Zemlak and Dibbert Pharmaceutical Limited",Poland,Hospital,2530886,#N/A,#N/A,,,,,,,,,,,,,,,,
,,,,,,,Hansen Group Pharm,Poland,Hospital,3631981,#N/A,#N/A,,,,,,,,,,,,,,,,
,,,,,,,Moore PLC Pharmaceutical Ltd,Poland,Pharmacy,2513717,#N/A,#N/A,,,,,,,,,,,,,,,,
,,,,,,,Emard-O'Connell Pharmacy,Poland,Pharmacy,3676546,#N/A,#N/A,,,,,,,,,,,,,,,,
,,,,,,,McCullough LLC Pharma Plc,Poland,Pharmacy,3408632,#N/A,#N/A,,,,,,,,,,,,,,,,
,,,,,,,"Casper, Hyatt and Jakubowski Pharmaceutical Limited",Poland,Hospital,2748326,#N/A,#N/A,,,,,,,,,,,,,,,,
,,,,,,,"Yundt, Leuschke and Ward Pharmaceutical Ltd",Poland,Hospital,3029636,#N/A,#N/A,,,,,,,,,,,,,,,,
